0.000000000000000000e+00,3.856474763673552464e-01,0.000000000000000000e+00,4.387842081548101736e-01,-5.313673178745492720e-02
1.000000000000000021e-02,4.897155754710322828e-01,1.000000000000000021e-02,4.655568461795837609e-01,2.415872929144852188e-02
2.000000000000000042e-02,5.203906443067314314e-01,2.000000000000000042e-02,4.888708275398586101e-01,3.151981676687282130e-02
2.999999999999999889e-02,5.380848061069982702e-01,2.999999999999999889e-02,5.097122011667080121e-01,2.837260494029025804e-02
4.000000000000000083e-02,5.522580029270662827e-01,4.000000000000000083e-02,5.286861082970057968e-01,2.357189463006048591e-02
5.000000000000000278e-02,5.668129911305291868e-01,5.000000000000000278e-02,5.461853381008856534e-01,2.062765302964353342e-02
5.999999999999999778e-02,5.800529201245203659e-01,5.999999999999999778e-02,5.624818937957383191e-01,1.757102632878204673e-02
7.000000000000000666e-02,5.890507226363441706e-01,7.000000000000000666e-02,5.777676712071763143e-01,1.128305142916785631e-02
8.000000000000000167e-02,6.025027579544436351e-01,8.000000000000000167e-02,5.921906831184909903e-01,1.031207483595264485e-02
8.999999999999999667e-02,6.112460328773373641e-01,8.999999999999999667e-02,6.058756599981315327e-01,5.370372879205831396e-03
1.000000000000000056e-01,6.202014141243393786e-01,1.000000000000000056e-01,6.189744916123426366e-01,1.226922511996741960e-03
1.100000000000000006e-01,6.317444925254636079e-01,1.100000000000000006e-01,6.314365224271987209e-01,3.079700982648869712e-04
1.199999999999999956e-01,6.422694605708676452e-01,1.199999999999999956e-01,6.433849697753788455e-01,-1.115509204511200281e-03
1.300000000000000044e-01,6.531337987348450058e-01,1.300000000000000044e-01,6.548697085596936196e-01,-1.735909824848613781e-03
1.400000000000000133e-01,6.602226443296933533e-01,1.400000000000000133e-01,6.659333223156427284e-01,-5.710677985949375035e-03
1.499999999999999944e-01,6.701112934027723123e-01,1.499999999999999944e-01,6.766121656397319217e-01,-6.500872236959609474e-03
1.600000000000000033e-01,6.818240568631831477e-01,1.600000000000000033e-01,6.869375674123994191e-01,-5.113510549216271350e-03
1.700000000000000122e-01,7.050329830902676287e-01,1.700000000000000122e-01,6.969367497958228741e-01,8.096233294444754591e-03
1.799999999999999933e-01,7.172972229933602950e-01,1.799999999999999933e-01,7.066335427458951823e-01,1.066368024746511267e-02
1.900000000000000022e-01,7.234103794973103518e-01,1.900000000000000022e-01,7.160489468618349562e-01,7.361432635475395614e-03
2.000000000000000111e-01,7.373290487284480665e-01,2.000000000000000111e-01,7.252015820392029299e-01,1.212746668924513660e-02
2.099999999999999922e-01,7.467934851533103435e-01,2.099999999999999922e-01,7.341080489472996407e-01,1.268543620601070288e-02
2.200000000000000011e-01,7.547307560445921659e-01,2.200000000000000011e-01,7.427832231216482395e-01,1.194753292294392644e-02
2.300000000000000100e-01,7.623710780821224553e-01,2.300000000000000100e-01,7.512404963735954677e-01,1.113058170852698758e-02
2.399999999999999911e-01,7.692053960880408381e-01,2.399999999999999911e-01,7.594919765799601485e-01,9.713419508080689546e-03
2.500000000000000000e-01,7.739610721176970465e-01,2.500000000000000000e-01,7.675486542762764985e-01,6.412417841420547937e-03
2.600000000000000089e-01,7.811347602421887526e-01,2.600000000000000089e-01,7.754205425376019534e-01,5.714217704586799229e-03
2.700000000000000178e-01,7.861025425959535795e-01,2.700000000000000178e-01,7.831167951882064271e-01,2.985747407747152415e-03
2.800000000000000266e-01,7.929368606018719623e-01,2.800000000000000266e-01,7.906458072964254180e-01,2.291053305446544286e-03
2.899999999999999800e-01,7.993045446947518728e-01,2.899999999999999800e-01,7.980153010863483276e-01,1.289243608403545238e-03
2.999999999999999889e-01,8.043995908429816266e-01,2.999999999999999889e-01,8.052323997653009213e-01,-8.328089223192947088e-04
3.099999999999999978e-01,8.095370582560330597e-01,3.099999999999999978e-01,8.123036912762190420e-01,-2.766633020185982339e-03
3.200000000000000067e-01,8.139957854319376240e-01,3.200000000000000067e-01,8.192352836015529549e-01,-5.239498169615330880e-03
3.300000000000000155e-01,8.242662258884115856e-01,3.300000000000000155e-01,8.260328529443862200e-01,-1.766627055974634430e-03
3.400000000000000244e-01,8.327125519575536705e-01,3.400000000000000244e-01,8.327016858738834904e-01,1.086608367018015997e-05
3.499999999999999778e-01,8.347532670386228482e-01,3.499999999999999778e-01,8.392467163318815260e-01,-4.493449293258677812e-03
3.599999999999999867e-01,8.418421126334713067e-01,3.599999999999999867e-01,8.456725582439387212e-01,-3.830445610467414497e-03
3.699999999999999956e-01,8.449433593350823557e-01,3.699999999999999956e-01,8.519929766881906286e-01,-7.049617353108272866e-03
3.800000000000000044e-01,8.531775790801159332e-01,3.800000000000000044e-01,8.581757133677391236e-01,-4.998134287623190453e-03
3.900000000000000133e-01,8.592907355840659900e-01,3.900000000000000133e-01,8.642535406216325100e-01,-4.962805037566520028e-03
4.000000000000000222e-01,8.633676713765754407e-01,4.000000000000000222e-01,8.702666581416171887e-01,-6.898986765041748015e-03
4.099999999999999756e-01,8.675718709635500403e-01,4.099999999999999756e-01,8.761564500782477172e-01,-8.584579114697676872e-03
4.199999999999999845e-01,8.742365039101817059e-01,4.199999999999999845e-01,8.819494278836838008e-01,-7.712923973502094910e-03
4.299999999999999933e-01,8.793315500584114597e-01,4.299999999999999933e-01,8.876486250566120173e-01,-8.317074998200557623e-03
4.400000000000000022e-01,8.859113404753999887e-01,4.400000000000000022e-01,8.932569065553319643e-01,-7.345566079931975523e-03
4.500000000000000111e-01,8.895216423548709672e-01,4.500000000000000111e-01,8.987769892370215397e-01,-9.255346882150572441e-03
4.600000000000000200e-01,8.898655068430730841e-01,4.600000000000000200e-01,9.042114526768271210e-01,-1.434594583375403687e-02
4.699999999999999734e-01,8.973785650861383356e-01,4.699999999999999734e-01,9.095627489851582093e-01,-1.218418389901987364e-02
4.799999999999999822e-01,9.020069773213298392e-01,4.799999999999999822e-01,9.148332117365186589e-01,-1.282623441518881968e-02
4.899999999999999911e-01,9.122774177778038007e-01,4.899999999999999911e-01,9.200250641059991574e-01,-7.747646328195356702e-03
5.000000000000000000e-01,9.168209874833516126e-01,5.000000000000000000e-01,9.251404262975364556e-01,-8.319438814184842990e-03
5.100000000000000089e-01,9.220432974260464043e-01,5.100000000000000089e-01,9.301813223377137785e-01,-8.138024911667374184e-03
5.200000000000000178e-01,9.270110797798112312e-01,5.200000000000000178e-01,9.351496862999812976e-01,-8.138606520170066361e-03
5.300000000000000266e-01,9.268034678253317393e-01,5.300000000000000266e-01,9.400473680165015722e-01,-1.324390019116983286e-02
5.400000000000000355e-01,9.300743995862293945e-01,5.400000000000000355e-01,9.448761383281626403e-01,-1.480173874193324579e-02
5.500000000000000444e-01,9.383934618609063305e-01,5.500000000000000444e-01,9.496376939175353860e-01,-1.124423205662905545e-02
5.600000000000000533e-01,9.414522872976958112e-01,5.600000000000000533e-01,9.543336617645132858e-01,-1.288137446681747456e-02
5.699999999999999512e-01,9.492622943945127068e-01,5.699999999999999512e-01,9.589656032599871427e-01,-9.703308865474435940e-03
5.799999999999999600e-01,9.545694468668507460e-01,5.799999999999999600e-01,9.635350180090748173e-01,-8.965571142224071366e-03
5.899999999999999689e-01,9.552951027384479765e-01,5.899999999999999689e-01,9.680433473520360099e-01,-1.274824461358803340e-02
5.999999999999999778e-01,9.603901488866777303e-01,5.999999999999999778e-01,9.724919776280723793e-01,-1.210182874139464904e-02
6.099999999999999867e-01,9.643398208847224762e-01,6.099999999999999867e-01,9.768822432045785042e-01,-1.254242231985602807e-02
6.199999999999999956e-01,9.705378199183157806e-01,6.199999999999999956e-01,9.812154292921303478e-01,-1.067760937381456721e-02
6.300000000000000044e-01,9.733845390309967538e-01,6.300000000000000044e-01,9.854927745634421976e-01,-1.210823553244544382e-02
6.400000000000000133e-01,9.792431679460165128e-01,6.400000000000000133e-01,9.897154735927422564e-01,-1.047230564672574360e-02
6.500000000000000222e-01,9.848472692721064181e-01,6.500000000000000222e-01,9.938846791303931338e-01,-9.037409858286715725e-03
6.600000000000000311e-01,9.897302090962277754e-01,6.600000000000000311e-01,9.980015042261782821e-01,-8.271295129950506642e-03
6.700000000000000400e-01,9.893953333472832457e-01,6.700000000000000400e-01,1.002067024213389113e+00,-1.267169086610586692e-02
6.800000000000000488e-01,9.950418559381948302e-01,6.800000000000000488e-01,1.006082278564740085e+00,-1.104042262654525430e-02
6.899999999999999467e-01,9.998399532326728290e-01,6.899999999999999467e-01,1.010048272630091004e+00,-1.020831939741817518e-02
6.999999999999999556e-01,1.001923089578563797e+00,6.999999999999999556e-01,1.013965979265078587e+00,-1.204288968651479053e-02
7.099999999999999645e-01,1.006000025371073248e+00,7.099999999999999645e-01,1.017836340358936775e+00,-1.183631498786352765e-02
7.199999999999999734e-01,1.012537394523239875e+00,7.199999999999999734e-01,1.021660268269049210e+00,-9.122873745809334523e-03
7.299999999999999822e-01,1.015172007311812674e+00,7.299999999999999822e-01,1.025438647169121253e+00,-1.026663985730857931e-02
7.399999999999999911e-01,1.018145990218958685e+00,7.399999999999999911e-01,1.029172334317274062e+00,-1.102634409831537710e-02
7.500000000000000000e-01,1.019677650122167822e+00,7.500000000000000000e-01,1.032862161249822108e+00,-1.318451112765428590e-02
7.600000000000000089e-01,1.025833227890939225e+00,7.600000000000000089e-01,1.036508934906008372e+00,-1.067570701506914688e-02
7.700000000000000178e-01,1.031097959098455918e+00,7.700000000000000178e-01,1.040113438688548664e+00,-9.015479590092745354e-03
7.800000000000000266e-01,1.036235426511507240e+00,7.800000000000000266e-01,1.043676433464423736e+00,-7.441006952916495720e-03
7.900000000000000355e-01,1.036748976058996297e+00,7.900000000000000355e-01,1.047198658510015035e+00,-1.044968245101873805e-02
8.000000000000000444e-01,1.037517053195415206e+00,8.000000000000000444e-01,1.050680832404338183e+00,-1.316377920892297659e-02
8.100000000000000533e-01,1.042060622900963018e+00,8.100000000000000533e-01,1.054123653873844324e+00,-1.206303097288130566e-02
8.199999999999999512e-01,1.046519350076867694e+00,8.199999999999999512e-01,1.057527802591983646e+00,-1.100845251511595180e-02
8.299999999999999600e-01,1.052802191640104468e+00,8.299999999999999600e-01,1.060893924687629664e+00,-8.091733047525195843e-03
8.399999999999999689e-01,1.055394383163855476e+00,8.399999999999999689e-01,1.064222672837811023e+00,-8.828289673955547201e-03
8.499999999999999778e-01,1.063204390260672261e+00,8.499999999999999778e-01,1.067514680565697649e+00,-4.310290305025388236e-03
8.599999999999999867e-01,1.061172663918861003e+00,8.599999999999999867e-01,1.070770547536790129e+00,-9.597883617929126032e-03
8.699999999999999956e-01,1.066607080185663969e+00,8.699999999999999956e-01,1.073990870335925107e+00,-7.383790150261138052e-03
8.800000000000000044e-01,1.067714527440656314e+00,8.800000000000000044e-01,1.077176238554830467e+00,-9.461711114174153892e-03
8.900000000000000133e-01,1.070179455169942173e+00,8.900000000000000133e-01,1.080327217662602868e+00,-1.014776249266069463e-02
9.000000000000000222e-01,1.073238280606731543e+00,9.000000000000000222e-01,1.083444359155329995e+00,-1.020607854859845176e-02
9.100000000000000311e-01,1.080624075055331978e+00,9.100000000000000311e-01,1.086528201038658548e+00,-5.904125983326569127e-03
9.200000000000000400e-01,1.083173845314261197e+00,9.200000000000000400e-01,1.089579268328032535e+00,-6.405423013771338603e-03
9.300000000000000488e-01,1.086275092015872357e+00,9.300000000000000488e-01,1.092598073517068169e+00,-6.322981501195812370e-03
9.399999999999999467e-01,1.088018858243189779e+00,9.399999999999999467e-01,1.095585116996039776e+00,-7.566258752849996938e-03
9.499999999999999556e-01,1.090186837118723995e+00,9.499999999999999556e-01,1.098540887466032290e+00,-8.354050347308294988e-03
9.599999999999999645e-01,1.097360525243215701e+00,9.599999999999999645e-01,1.101465862315430089e+00,-4.105337072214387817e-03
9.699999999999999734e-01,1.096389330521946093e+00,9.699999999999999734e-01,1.104360508023340737e+00,-7.971177501394643983e-03
9.799999999999999822e-01,1.099193628369805387e+00,9.799999999999999822e-01,1.107225280527256661e+00,-8.031652157451274476e-03
9.899999999999999911e-01,1.105858261316437385e+00,9.899999999999999911e-01,1.110060625553797697e+00,-4.202364237360312060e-03
1.000000000000000000e+00,1.107220236160359583e+00,1.000000000000000000e+00,1.112866978950473706e+00,-5.646742790114123167e-03
1.010000000000000009e+00,1.112484967367876054e+00,1.010000000000000009e+00,1.115644766994756454e+00,-3.159799626880399614e-03
1.020000000000000018e+00,1.114483261184123553e+00,1.020000000000000018e+00,1.118394406687767129e+00,-3.911145503643576049e-03
1.030000000000000027e+00,1.116863346383766276e+00,1.030000000000000027e+00,1.121116306077858837e+00,-4.252959694092561804e-03
1.040000000000000036e+00,1.118310163757331832e+00,1.040000000000000036e+00,1.123810864520802255e+00,-5.500700763470423027e-03
1.050000000000000044e+00,1.119756981130897833e+00,1.050000000000000044e+00,1.126478472944161258e+00,-6.721491813263424930e-03
1.060000000000000053e+00,1.126718562931281031e+00,1.060000000000000053e+00,1.129119514102502775e+00,-2.400951171221743508e-03
1.070000000000000062e+00,1.126129159593406870e+00,1.070000000000000062e+00,1.131734362818051398e+00,-5.605203224644528248e-03
1.080000000000000071e+00,1.128806193646801015e+00,1.080000000000000071e+00,1.134323386205371209e+00,-5.517192558570194194e-03
1.090000000000000080e+00,1.130804487463048513e+00,1.090000000000000080e+00,1.136886943928167248e+00,-6.082456465118735167e-03
1.100000000000000089e+00,1.134372368077698034e+00,1.100000000000000089e+00,1.139425388402002470e+00,-5.053020324304435817e-03
1.110000000000000098e+00,1.140655209640934586e+00,1.110000000000000098e+00,1.141939065000527886e+00,-1.283855359593299994e-03
1.120000000000000107e+00,1.143459507488794102e+00,1.120000000000000107e+00,1.144428312255933999e+00,-9.688047671398969385e-04
1.129999999999999893e+00,1.141427781146982401e+00,1.129999999999999893e+00,1.146893462051757684e+00,-5.465680904775283011e-03
1.139999999999999902e+00,1.142959441050191538e+00,1.139999999999999902e+00,1.149334839802121255e+00,-6.375398751929717278e-03
1.149999999999999911e+00,1.151872401032371984e+00,1.149999999999999911e+00,1.151752764628217074e+00,1.196364041549102808e-04
1.159999999999999920e+00,1.151367840224140737e+00,1.159999999999999920e+00,1.154147549552738461e+00,-2.779709328597723683e-03
1.169999999999999929e+00,1.154808457044325332e+00,1.169999999999999929e+00,1.156519501652142345e+00,-1.711044607817013841e-03
1.179999999999999938e+00,1.159606554338803441e+00,1.179999999999999938e+00,1.158868922215725572e+00,7.376321230778692950e-04
1.189999999999999947e+00,1.162877486099701096e+00,1.189999999999999947e+00,1.161196106899556213e+00,1.681379200144883512e-03
1.199999999999999956e+00,1.162881980469330001e+00,1.199999999999999956e+00,1.163501345874908166e+00,-6.193654055781649959e-04
1.209999999999999964e+00,1.165601435787545936e+00,1.209999999999999964e+00,1.165784923971441955e+00,-1.834881838960189526e-04
1.219999999999999973e+00,1.168023942252010228e+00,1.219999999999999973e+00,1.168047120805592920e+00,-2.317855358269227395e-05
1.229999999999999982e+00,1.168282964210569208e+00,1.229999999999999982e+00,1.170288210925633843e+00,-2.005246715064634699e-03
1.239999999999999991e+00,1.168881356287701401e+00,1.239999999999999991e+00,1.172508463946692059e+00,-3.627107658990658123e-03
1.250000000000000000e+00,1.177242839827200127e+00,1.250000000000000000e+00,1.174708144667170773e+00,2.534695160029354355e-03
1.260000000000000009e+00,1.176271645105930519e+00,1.260000000000000009e+00,1.176887513188993095e+00,-6.158680830625762326e-04
1.270000000000000018e+00,1.174791395206800981e+00,1.270000000000000018e+00,1.179046825033821078e+00,-4.255429827020096312e-03
1.280000000000000027e+00,1.177595693054660053e+00,1.280000000000000027e+00,1.181186331255429600e+00,-3.590638200769546984e-03
1.290000000000000036e+00,1.183242215645571749e+00,1.290000000000000036e+00,1.183306278548389878e+00,-6.406290281812943022e-05
1.300000000000000044e+00,1.186725253730577911e+00,1.300000000000000044e+00,1.185406909352836768e+00,1.318344377741142992e-03
1.310000000000000053e+00,1.187959964780035182e+00,1.310000000000000053e+00,1.187488461947260099e+00,4.715028327750836468e-04
1.320000000000000062e+00,1.191188475276111269e+00,1.320000000000000062e+00,1.189551170561825133e+00,1.637304714286136331e-03
1.330000000000000071e+00,1.195180568538977361e+00,1.330000000000000071e+00,1.191595265472557674e+00,3.585303066419687212e-03
1.340000000000000080e+00,1.195694118086466640e+00,1.340000000000000080e+00,1.193620973089432491e+00,2.073144997034148673e-03
1.350000000000000089e+00,1.197183356724853986e+00,1.350000000000000089e+00,1.195628516045867951e+00,1.554840678986035840e-03
1.360000000000000098e+00,1.200072497102356861e+00,1.360000000000000098e+00,1.197618113285460417e+00,2.454383816896443804e-03
1.370000000000000107e+00,1.199652778823768751e+00,1.370000000000000107e+00,1.199589980146051449e+00,6.279867771730174297e-05
1.379999999999999893e+00,1.201226859991799456e+00,1.379999999999999893e+00,1.201544328441246368e+00,-3.174684494469115492e-04
1.389999999999999902e+00,1.205728008432525922e+00,1.389999999999999902e+00,1.203481366539473019e+00,2.246641893052903072e-03
1.399999999999999911e+00,1.208744412604493501e+00,1.399999999999999911e+00,1.205401299440676643e+00,3.343113163816857636e-03
1.409999999999999920e+00,1.207221741440542173e+00,1.409999999999999920e+00,1.207304328845467234e+00,-8.258740492506078112e-05
1.419999999999999929e+00,1.209389720316076389e+00,1.419999999999999929e+00,1.209190653232195656e+00,1.990670838807329091e-04
1.429999999999999938e+00,1.213763604962337705e+00,1.429999999999999938e+00,1.211060467933316787e+00,2.703137029020918902e-03
1.439999999999999947e+00,1.216780009134305507e+00,1.439999999999999947e+00,1.212913965197684352e+00,3.866043936621155197e-03
1.449999999999999956e+00,1.219414621922878306e+00,1.449999999999999956e+00,1.214751334256694237e+00,4.663287666184068314e-03
1.459999999999999964e+00,1.220182699059297216e+00,1.459999999999999964e+00,1.216572761388533985e+00,3.609937670763230244e-03
1.469999999999999973e+00,1.222223414140366504e+00,1.469999999999999973e+00,1.218378429980630173e+00,3.844984159736331009e-03
1.479999999999999982e+00,1.224518656810365647e+00,1.479999999999999982e+00,1.220168520590333872e+00,4.350136220031775025e-03
1.489999999999999991e+00,1.225710946595001127e+00,1.489999999999999991e+00,1.221943211003925889e+00,3.767735591075238588e-03
1.500000000000000000e+00,1.226309338672133764e+00,1.500000000000000000e+00,1.223702676293986658e+00,2.606662378147106551e-03
1.510000000000000009e+00,1.231319542290719937e+00,1.510000000000000009e+00,1.225447088875200929e+00,5.872453415519007791e-03
1.520000000000000018e+00,1.233020887253216014e+00,1.520000000000000018e+00,1.227176618558641907e+00,5.844268694574106249e-03
1.530000000000000027e+00,1.232601168974627903e+00,1.530000000000000027e+00,1.228891432601943556e+00,3.709736372684346861e-03
1.540000000000000036e+00,1.234981254174270626e+00,1.540000000000000036e+00,1.230591695760863580e+00,4.389558413407046444e-03
1.550000000000000044e+00,1.236809862931231629e+00,1.550000000000000044e+00,1.232277570346938411e+00,4.532292584293218241e-03
1.560000000000000053e+00,1.238086995245510691e+00,1.560000000000000053e+00,1.233949216271226001e+00,4.137778974284689326e-03
1.570000000000000062e+00,1.240679186769261477e+00,1.570000000000000062e+00,1.235606791091606649e+00,5.072395677654828461e-03
1.580000000000000071e+00,1.244459173708019506e+00,1.580000000000000071e+00,1.237250450058997142e+00,7.208723649022363844e-03
1.590000000000000080e+00,1.242809238749603029e+00,1.590000000000000080e+00,1.238880346162369639e+00,3.928892587233390188e-03
1.600000000000000089e+00,1.246758910747647553e+00,1.600000000000000089e+00,1.240496630172617687e+00,6.262280575029866014e-03
1.610000000000000098e+00,1.246593720057989962e+00,1.610000000000000098e+00,1.242099450685309803e+00,4.494269372680159691e-03
1.620000000000000107e+00,1.247786009842625665e+00,1.620000000000000107e+00,1.243688954162361249e+00,4.097055680264416466e-03
1.629999999999999893e+00,1.252244737018530341e+00,1.629999999999999893e+00,1.245265284972663533e+00,6.979452045866807453e-03
1.639999999999999902e+00,1.250637223324935432e+00,1.639999999999999902e+00,1.246828585431699610e+00,3.808637893235822247e-03
1.649999999999999911e+00,1.254714159117445105e+00,1.649999999999999911e+00,1.248378995840189187e+00,6.335163277255917436e-03
1.659999999999999920e+00,1.254209598309213858e+00,1.659999999999999920e+00,1.249916654521773918e+00,4.292943787439940095e-03
1.669999999999999929e+00,1.254935254180811199e+00,1.669999999999999929e+00,1.251441697859795088e+00,3.493556321016111355e-03
1.679999999999999938e+00,1.255491224993121824e+00,1.679999999999999938e+00,1.252954260331118119e+00,2.536964662003704518e-03
1.689999999999999947e+00,1.258168259046515969e+00,1.689999999999999947e+00,1.254454474542226583e+00,3.713784504289385779e-03
1.699999999999999956e+00,1.260760450570267199e+00,1.699999999999999956e+00,1.255942471267551985e+00,4.817979302715214018e-03
1.709999999999999964e+00,1.261189157588112897e+00,1.709999999999999964e+00,1.257418379479736004e+00,3.770778108376893201e-03
1.719999999999999973e+00,1.260472490455773142e+00,1.719999999999999973e+00,1.258882326382191774e+00,1.590164073581368243e-03
1.729999999999999982e+00,1.265143323955786103e+00,1.729999999999999982e+00,1.260334437440939759e+00,4.808886514846344440e-03
1.739999999999999991e+00,1.263620652791834997e+00,1.739999999999999991e+00,1.261774836415703982e+00,1.845816376131015346e-03
1.750000000000000000e+00,1.269139911588281322e+00,1.750000000000000000e+00,1.263203645390287733e+00,5.936266197993589344e-03
1.760000000000000009e+00,1.271732103112032330e+00,1.760000000000000009e+00,1.264620984802266701e+00,7.111118309765629419e-03
1.770000000000000018e+00,1.269021636533073982e+00,1.770000000000000018e+00,1.266026973471994665e+00,2.994663061079316790e-03
1.780000000000000027e+00,1.276407430981674196e+00,1.780000000000000027e+00,1.267421728630965694e+00,8.985702350708502095e-03
1.790000000000000036e+00,1.274842338552901078e+00,1.790000000000000036e+00,1.268805365949539077e+00,6.036972603362000811e-03
1.800000000000000044e+00,1.278198112843442313e+00,1.800000000000000044e+00,1.270177999564044979e+00,8.020113279397333983e-03
1.810000000000000053e+00,1.279899457805937946e+00,1.810000000000000053e+00,1.271539742103297455e+00,8.359715702640491131e-03
1.820000000000000062e+00,1.278079837788234974e+00,1.820000000000000062e+00,1.272890704714524368e+00,5.189133073710605615e-03
1.830000000000000071e+00,1.280035710339660682e+00,1.830000000000000071e+00,1.274230997088733108e+00,5.804713250927573398e-03
1.840000000000000080e+00,1.281609791507691609e+00,1.840000000000000080e+00,1.275560727485531176e+00,6.049064022160433041e-03
1.850000000000000089e+00,1.283947455442512542e+00,1.850000000000000089e+00,1.276880002757416088e+00,7.067452685096453635e-03
1.860000000000000098e+00,1.287091123408945492e+00,1.860000000000000098e+00,1.278188928373546807e+00,8.902195035398685619e-03
1.870000000000000107e+00,1.282641384972298404e+00,1.870000000000000107e+00,1.279487608442859026e+00,3.153776529439378251e-03
1.879999999999999893e+00,1.286675899499986286e+00,1.879999999999999893e+00,1.280776145735200267e+00,5.899753764786019872e-03
1.889999999999999902e+00,1.283626062802454726e+00,1.889999999999999902e+00,1.282054641706904752e+00,1.571421095549974112e-03
1.899999999999999911e+00,1.288212053772824328e+00,1.899999999999999911e+00,1.283323196521818366e+00,4.888857251005962468e-03
1.909999999999999920e+00,1.289107394703708387e+00,1.909999999999999920e+00,1.284581909072079142e+00,4.525485631629244665e-03
1.919999999999999929e+00,1.289111889073337291e+00,1.919999999999999929e+00,1.285830876999094485e+00,3.281012074242806165e-03
1.929999999999999938e+00,1.295352309371752275e+00,1.929999999999999938e+00,1.287070196714098724e+00,8.282112657653550869e-03
1.939999999999999947e+00,1.292005523820468849e+00,1.939999999999999947e+00,1.288299963418297001e+00,3.705560402171848011e-03
1.949999999999999956e+00,1.293834132577429630e+00,1.949999999999999956e+00,1.289520271122623463e+00,4.313861454806167117e-03
1.959999999999999964e+00,1.294093154535988610e+00,1.959999999999999964e+00,1.290731212667106442e+00,3.361941868882167839e-03
1.969999999999999973e+00,1.296133869617057899e+00,1.969999999999999973e+00,1.291932879739866813e+00,4.200989877191085853e-03
1.979999999999999982e+00,1.298089742168483829e+00,1.979999999999999982e+00,1.293125362895753527e+00,4.964379272730301551e-03
1.989999999999999991e+00,1.299324453217941100e+00,1.989999999999999991e+00,1.294308751574632321e+00,5.015701643308778657e-03
2.000000000000000000e+00,1.301450010828653525e+00,2.000000000000000000e+00,1.295483134119332469e+00,5.966876709321056182e-03
2.009999999999999787e+00,1.302175666700250867e+00,2.009999999999999787e+00,1.296648597793264024e+00,5.527068906986842833e-03
2.020000000000000018e+00,1.301077208184516332e+00,2.020000000000000018e+00,1.297805228797727306e+00,3.271979386789025668e-03
2.029999999999999805e+00,1.305790462949351083e+00,2.029999999999999805e+00,1.298953112288904421e+00,6.837350660446661621e-03
2.040000000000000036e+00,1.308085705619350447e+00,2.040000000000000036e+00,1.300092332394564565e+00,7.993373224785882414e-03
2.049999999999999822e+00,1.304611656273602094e+00,2.049999999999999822e+00,1.301222972230476893e+00,3.388684043125200773e-03
2.060000000000000053e+00,1.306906898943601014e+00,2.060000000000000053e+00,1.302345113916553832e+00,4.561785027047182695e-03
2.069999999999999840e+00,1.308184031257880298e+00,2.069999999999999840e+00,1.303458838592729485e+00,4.725192665150812488e-03
2.080000000000000071e+00,1.313279077406110051e+00,2.080000000000000071e+00,1.304564226434582253e+00,8.714850971527798862e-03
2.089999999999999858e+00,1.314938001103784115e+00,2.089999999999999858e+00,1.305661356668717410e+00,9.276644435066705441e-03
2.100000000000000089e+00,1.310827632785710684e+00,2.100000000000000089e+00,1.306750307587915216e+00,4.077325197795467204e-03
2.109999999999999876e+00,1.311977501305524818e+00,2.109999999999999876e+00,1.307831156566063635e+00,4.146344739461182982e-03
2.120000000000000107e+00,1.314230322710702392e+00,2.120000000000000107e+00,1.308903980072877227e+00,5.326342637825165482e-03
2.129999999999999893e+00,1.316525565380701535e+00,2.129999999999999893e+00,1.309968853688419976e+00,6.556711692281558257e-03
2.140000000000000124e+00,1.316148268366935437e+00,2.140000000000000124e+00,1.311025852117444268e+00,5.122416249491168472e-03
2.149999999999999911e+00,1.316322447795851058e+00,2.149999999999999911e+00,1.312075049203555777e+00,4.247398592295281716e-03
2.160000000000000142e+00,1.319169166908532143e+00,2.160000000000000142e+00,1.313116517943217598e+00,6.052648965314544327e-03
2.169999999999999929e+00,1.319088818748517689e+00,2.169999999999999929e+00,1.314150330499608943e+00,4.938488248908745604e-03
2.180000000000000160e+00,1.321511325212981758e+00,2.180000000000000160e+00,1.315176558216356817e+00,6.334766996624940916e-03
2.189999999999999947e+00,1.320540130491712150e+00,2.189999999999999947e+00,1.316195271631137809e+00,4.344858860574341008e-03
2.200000000000000178e+00,1.321435471422596208e+00,2.200000000000000178e+00,1.317183828521189870e+00,4.251642901406338382e-03
2.209999999999999964e+00,1.323561029033308856e+00,2.209999999999999964e+00,1.318188950669148207e+00,5.372078364160648434e-03
2.220000000000000195e+00,1.325516901584734786e+00,2.220000000000000195e+00,1.319185680418040851e+00,6.331221166693934421e-03
2.229999999999999982e+00,1.327048561487943923e+00,2.229999999999999982e+00,1.320175223552032095e+00,6.873337935911827401e-03
2.240000000000000213e+00,1.325568311588814163e+00,2.240000000000000213e+00,1.321157592154257543e+00,4.410719434556620300e-03
2.250000000000000000e+00,1.326124282401124788e+00,2.250000000000000000e+00,1.322132854951137526e+00,3.991427449987261511e-03
2.259999999999999787e+00,1.324983402620568462e+00,2.259999999999999787e+00,1.323101077128825409e+00,1.882325491743053192e-03
2.270000000000000018e+00,1.329314866002008211e+00,2.270000000000000018e+00,1.324062323320172041e+00,5.252542681836169791e-03
2.279999999999999805e+00,1.328937568988241891e+00,2.279999999999999805e+00,1.325016657467370518e+00,3.920911520871372957e-03
2.290000000000000036e+00,1.329705646124661023e+00,2.290000000000000036e+00,1.325964142843526483e+00,3.741503281134539449e-03
2.299999999999999822e+00,1.331873625000195238e+00,2.299999999999999822e+00,1.326904842066092494e+00,4.968782934102744520e-03
2.310000000000000053e+00,1.330690323954817122e+00,2.310000000000000053e+00,1.327838817110942093e+00,2.851506843875029062e-03
2.319999999999999840e+00,1.329931235557656022e+00,2.319999999999999840e+00,1.328766129326665713e+00,1.165106230990309300e-03
2.330000000000000071e+00,1.336468604709822428e+00,2.330000000000000071e+00,1.329686839449146118e+00,6.781765260676309026e-03
2.339999999999999858e+00,1.336176150225699910e+00,2.339999999999999858e+00,1.330601007616492026e+00,5.575142609207883737e-03
2.350000000000000089e+00,1.335756431947111800e+00,2.350000000000000089e+00,1.331508693384401587e+00,4.247738562710212662e-03
2.359999999999999876e+00,1.335718505051918914e+00,2.359999999999999876e+00,1.332409955741963525e+00,3.308549309955388651e-03
2.370000000000000107e+00,1.336613845982802973e+00,2.370000000000000107e+00,1.333304853128023826e+00,3.308992854779146953e-03
2.379999999999999893e+00,1.339036352447267486e+00,2.379999999999999893e+00,1.334193443448198346e+00,4.842908999069139853e-03
2.390000000000000124e+00,1.338913583022431242e+00,2.390000000000000124e+00,1.335075784092603080e+00,3.837798929828162287e-03
2.399999999999999911e+00,1.339766502688493732e+00,2.399999999999999911e+00,1.335951900955566485e+00,3.814601732927247468e-03
2.410000000000000142e+00,1.343037434449391387e+00,2.410000000000000142e+00,1.336821193823750420e+00,6.216240625640967465e-03
2.419999999999999929e+00,1.339733070162929751e+00,2.419999999999999929e+00,1.337684372463991522e+00,2.048697698938228839e-03
2.430000000000000160e+00,1.343937269749904129e+00,2.430000000000000160e+00,1.338541495312296270e+00,5.395774437607858687e-03
2.439999999999999947e+00,1.344662925621501692e+00,2.439999999999999947e+00,1.339392615461438618e+00,5.270310160063074179e-03
2.450000000000000178e+00,1.345727951611672246e+00,2.450000000000000178e+00,1.340237785315720576e+00,5.490166295951670605e-03
2.459999999999999964e+00,1.344629493095937711e+00,2.459999999999999964e+00,1.341077056716367899e+00,3.552436379569812175e-03
2.470000000000000195e+00,1.343021979402343025e+00,2.470000000000000195e+00,1.341910480949270346e+00,1.111498453072679027e-03
2.479999999999999982e+00,1.344426375511087013e+00,2.479999999999999982e+00,1.342738108752783877e+00,1.688266758303136328e-03
2.490000000000000213e+00,1.351769748694865436e+00,2.490000000000000213e+00,1.343559990325467135e+00,8.209758369398301170e-03
2.500000000000000000e+00,1.346810955080358418e+00,2.500000000000000000e+00,1.344376175333769519e+00,2.434779746588899840e-03
2.509999999999999787e+00,1.346985134509274040e+00,2.509999999999999787e+00,1.345186712919694161e+00,1.798421589579879409e-03
2.520000000000000018e+00,1.349110692119986465e+00,2.520000000000000018e+00,1.345991651708441816e+00,3.119040411544649061e-03
2.529999999999999805e+00,1.351914989967845981e+00,2.529999999999999805e+00,1.346791039816057634e+00,5.123950151788347895e-03
2.540000000000000036e+00,1.350010527420499651e+00,2.540000000000000036e+00,1.347584924857115674e+00,2.425602563383977284e-03
2.549999999999999822e+00,1.351075553410670205e+00,2.549999999999999822e+00,1.348373353952454501e+00,2.702199458215703842e-03
2.560000000000000053e+00,1.350995205250655973e+00,2.560000000000000053e+00,1.349156373737012915e+00,1.838831513643057747e-03
2.569999999999999840e+00,1.353120762861368398e+00,2.569999999999999840e+00,1.349934030367794913e+00,3.186732493573485314e-03
2.580000000000000071e+00,1.352743465847602078e+00,2.580000000000000071e+00,1.350706369532385320e+00,2.037096315216757603e-03
2.589999999999999858e+00,1.352705538952409414e+00,2.589999999999999858e+00,1.351473436457125699e+00,1.232102495283715626e-03
2.600000000000000089e+00,1.355043202887230347e+00,2.600000000000000089e+00,1.352235275915394386e+00,2.807926971835961183e-03
2.609999999999999876e+00,1.356065807612579333e+00,2.609999999999999876e+00,1.352991932237114669e+00,3.073875375464663051e-03
2.620000000000000107e+00,1.356409672100781671e+00,2.620000000000000107e+00,1.353743449318481229e+00,2.666222782300442518e-03
2.629999999999999893e+00,1.353614362992180187e+00,2.629999999999999893e+00,1.354489870632380466e+00,-8.755076402002792690e-04
2.640000000000000124e+00,1.359515413172021958e+00,2.640000000000000124e+00,1.355231239239730323e+00,4.284173932291635012e-03
2.649999999999999911e+00,1.357823056948783691e+00,2.649999999999999911e+00,1.355967597801978952e+00,1.855459146804738779e-03
2.660000000000000142e+00,1.360669776061464553e+00,2.660000000000000142e+00,1.356698988595097077e+00,3.970787466367475815e-03
2.669999999999999929e+00,1.356220037624817687e+00,2.669999999999999929e+00,1.357425453525489045e+00,-1.205415900671358287e-03
2.680000000000000160e+00,1.359575811915358923e+00,2.680000000000000160e+00,1.358147034148403431e+00,1.428777766955491302e-03
2.689999999999999947e+00,1.360004518933204620e+00,2.689999999999999947e+00,1.358863771689575284e+00,1.140747243629336438e-03
2.700000000000000178e+00,1.362130076543917045e+00,2.700000000000000178e+00,1.359575707071103201e+00,2.554369472813844411e-03
2.709999999999999964e+00,1.361116460557825647e+00,2.709999999999999964e+00,1.360282880942933925e+00,8.335796148917218318e-04
2.720000000000000195e+00,1.363199596903716726e+00,2.720000000000000195e+00,1.360985333721774992e+00,2.214263181941733549e-03
2.729999999999999982e+00,1.362822299889950184e+00,2.729999999999999982e+00,1.361683105639997837e+00,1.139194249952346638e-03
2.740000000000000213e+00,1.364905436235841485e+00,2.740000000000000213e+00,1.362376236808089169e+00,2.529199427752315543e-03
2.750000000000000000e+00,1.364146347838680162e+00,2.750000000000000000e+00,1.363064767295665503e+00,1.081580543014659668e-03
2.759999999999999787e+00,1.365423480152959224e+00,2.759999999999999787e+00,1.363748737239724784e+00,1.674742913234439357e-03
2.770000000000000018e+00,1.364664391755797901e+00,2.770000000000000018e+00,1.364428186990196856e+00,2.362047656010446417e-04
2.779999999999999805e+00,1.365517311421860391e+00,2.779999999999999805e+00,1.365103157296502889e+00,4.141541253575020676e-04
2.790000000000000036e+00,1.363740112668978766e+00,2.790000000000000036e+00,1.365773689581053052e+00,-2.033576912074286369e-03
2.799999999999999822e+00,1.367986733520775156e+00,2.799999999999999822e+00,1.366439826319810313e+00,1.546907200964842133e-03
2.810000000000000053e+00,1.366039849708607035e+00,2.810000000000000053e+00,1.367101611588355858e+00,-1.061761879748823745e-03
2.819999999999999840e+00,1.367062454433956020e+00,2.819999999999999840e+00,1.367759091862231102e+00,-6.966374282750820157e-04
2.830000000000000071e+00,1.368297165483413513e+00,2.830000000000000071e+00,1.368412317217815310e+00,-1.151517344017971567e-04
2.839999999999999858e+00,1.370253038034839221e+00,2.839999999999999858e+00,1.369061343185025370e+00,1.191694849813851320e-03
2.850000000000000089e+00,1.367372886396594378e+00,2.850000000000000089e+00,1.369698462272015416e+00,-2.325575875421037608e-03
2.859999999999999876e+00,1.366995589382828280e+00,2.859999999999999876e+00,1.370339873435747258e+00,-3.344284052918977679e-03
2.870000000000000107e+00,1.366745556163527109e+00,2.870000000000000107e+00,1.370976256989261177e+00,-4.230700825734068360e-03
2.879999999999999893e+00,1.367131841916551016e+00,2.879999999999999893e+00,1.371607424136683795e+00,-4.475582220132778843e-03
2.890000000000000124e+00,1.368366552966008509e+00,2.890000000000000124e+00,1.372234155936017386e+00,-3.867602970008876540e-03
2.899999999999999911e+00,1.368710417454210626e+00,2.899999999999999911e+00,1.372861700124364148e+00,-4.151282670153522147e-03
2.910000000000000142e+00,1.370793553800101483e+00,2.910000000000000142e+00,1.373479790667490930e+00,-2.686236867389446559e-03
2.919999999999999929e+00,1.372028264849558976e+00,2.919999999999999929e+00,1.374095110568865685e+00,-2.066845719306709128e-03
2.930000000000000160e+00,1.367027049970230390e+00,2.930000000000000160e+00,1.374705976101542104e+00,-7.678926131311714087e-03
2.939999999999999947e+00,1.372800836355606791e+00,2.939999999999999947e+00,1.375310719151065397e+00,-2.509882795458606708e-03
2.950000000000000178e+00,1.372593224401127410e+00,2.950000000000000178e+00,1.375834911038144037e+00,-3.241686637016627515e-03
2.959999999999999964e+00,1.372258348652182880e+00,2.959999999999999964e+00,1.375834911038144037e+00,-3.576562385961157275e-03
2.970000000000000195e+00,1.370184201045549610e+00,2.970000000000000195e+00,1.375834911038144037e+00,-5.650709992594427078e-03
2.979999999999999982e+00,1.369637218972496795e+00,2.979999999999999982e+00,1.375834911038144037e+00,-6.197692065647242288e-03
2.990000000000000213e+00,1.373077835792681389e+00,2.990000000000000213e+00,1.375834911038144037e+00,-2.757075245462647928e-03
3.000000000000000000e+00,1.372191483601054918e+00,3.000000000000000000e+00,1.375834911038144037e+00,-3.643427437089119536e-03
3.009999999999999787e+00,1.374401883741411146e+00,3.009999999999999787e+00,1.375834911038144037e+00,-1.433027296732891642e-03
3.020000000000000018e+00,1.372158051075491159e+00,3.020000000000000018e+00,1.375834911038144037e+00,-3.676859962652878622e-03
3.029999999999999805e+00,1.375386561571567023e+00,3.029999999999999805e+00,1.375834911038144037e+00,-4.483494665770137999e-04
3.040000000000000036e+00,1.375645583530126226e+00,3.040000000000000036e+00,1.375834911038144037e+00,-1.893275080178113967e-04
3.049999999999999822e+00,1.376074290547971701e+00,3.049999999999999822e+00,1.375834911038144037e+00,2.393795098276640942e-04
3.060000000000000053e+00,1.375527308474918664e+00,3.060000000000000053e+00,1.375834911038144037e+00,-3.076025632253731601e-04
3.069999999999999840e+00,1.373325897073820689e+00,3.069999999999999840e+00,1.375834911038144037e+00,-2.509013964323347778e-03
3.080000000000000071e+00,1.376681671364361703e+00,3.080000000000000071e+00,1.375834911038144037e+00,8.467603262176659484e-04
3.089999999999999858e+00,1.375752897907913663e+00,3.089999999999999858e+00,1.375834911038144037e+00,-8.201313023037393179e-05
3.100000000000000089e+00,1.374145384214319199e+00,3.100000000000000089e+00,1.375834911038144037e+00,-1.689526823824838431e-03
3.109999999999999876e+00,1.375592201587884977e+00,3.109999999999999876e+00,1.375834911038144037e+00,-2.427094502590598779e-04
3.120000000000000107e+00,1.371142463151238111e+00,3.120000000000000107e+00,1.375834911038144037e+00,-4.692447886905926069e-03
3.129999999999999893e+00,1.376492036888397941e+00,3.129999999999999893e+00,1.375834911038144037e+00,6.571258502539034652e-04
3.140000000000000124e+00,1.376114739874631621e+00,3.140000000000000124e+00,1.375834911038144037e+00,2.798288364875833878e-04
3.149999999999999911e+00,1.377179765864802397e+00,3.149999999999999911e+00,1.375834911038144037e+00,1.344854826658359315e-03
3.160000000000000142e+00,1.370990755570467012e+00,3.160000000000000142e+00,1.375834911038144037e+00,-4.844155467677024873e-03
3.169999999999999929e+00,1.374855585038868178e+00,3.169999999999999929e+00,1.375834911038144037e+00,-9.793259992758596155e-04
3.180000000000000160e+00,1.374732815614031933e+00,3.180000000000000160e+00,1.375834911038144037e+00,-1.102095424112103927e-03
3.189999999999999947e+00,1.373464672039010681e+00,3.189999999999999947e+00,1.375834911038144037e+00,-2.370238999133356117e-03
3.200000000000000178e+00,1.375293280795971240e+00,3.200000000000000178e+00,1.375834911038144037e+00,-5.416302421727969829e-04
3.209999999999999964e+00,1.377673365995614185e+00,3.209999999999999964e+00,1.375834911038144037e+00,1.838454957470148088e-03
3.220000000000000195e+00,1.373223627558967097e+00,3.220000000000000195e+00,1.375834911038144037e+00,-2.611283479176940148e-03
3.229999999999999982e+00,1.376536980584686320e+00,3.229999999999999982e+00,1.375834911038144037e+00,7.020695465422832626e-04
3.240000000000000213e+00,1.378789801989864339e+00,3.240000000000000213e+00,1.375834911038144037e+00,2.954890951720301473e-03
3.250000000000000000e+00,1.377521658414842642e+00,3.250000000000000000e+00,1.375834911038144037e+00,1.686747376698605194e-03
3.259999999999999787e+00,1.380919853970205669e+00,3.259999999999999787e+00,1.375834911038144037e+00,5.084942932061631282e-03
3.270000000000000018e+00,1.377403383359635303e+00,3.270000000000000018e+00,1.375834911038144037e+00,1.568472321491265475e-03
3.279999999999999805e+00,1.377365456464442861e+00,3.279999999999999805e+00,1.375834911038144037e+00,1.530545426298823841e-03
3.290000000000000036e+00,1.372746032968509056e+00,3.290000000000000036e+00,1.375834911038144037e+00,-3.088878069634981571e-03
3.299999999999999822e+00,1.374701905519934986e+00,3.299999999999999822e+00,1.375834911038144037e+00,-1.133005518209051488e-03
3.310000000000000053e+00,1.372882285502232014e+00,3.310000000000000053e+00,1.375834911038144037e+00,-2.952625535912023480e-03
3.319999999999999840e+00,1.377256170148493331e+00,3.319999999999999840e+00,1.375834911038144037e+00,1.421259110349293309e-03
3.330000000000000071e+00,1.374715388628821922e+00,3.330000000000000071e+00,1.375834911038144037e+00,-1.119522409322115664e-03
3.339999999999999858e+00,1.376247048532031059e+00,3.339999999999999858e+00,1.375834911038144037e+00,4.121374938870214777e-04
3.350000000000000089e+00,1.376421227960946680e+00,3.350000000000000089e+00,1.375834911038144037e+00,5.863169228026432478e-04
3.359999999999999876e+00,1.374516765413599906e+00,3.359999999999999876e+00,1.375834911038144037e+00,-1.318145624544131422e-03
3.370000000000000107e+00,1.373078936779292158e+00,3.370000000000000107e+00,1.375834911038144037e+00,-2.755974258851878744e-03
3.379999999999999893e+00,1.374398490358392788e+00,3.379999999999999893e+00,1.375834911038144037e+00,-1.436420679751249097e-03
3.390000000000000124e+00,1.373893929550161319e+00,3.390000000000000124e+00,1.375834911038144037e+00,-1.940981487982718079e-03
3.399999999999999911e+00,1.377207282575881209e+00,3.399999999999999911e+00,1.375834911038144037e+00,1.372371537737171465e-03
3.410000000000000142e+00,1.378145044771586614e+00,3.410000000000000142e+00,1.375834911038144037e+00,2.310133733442576442e-03
3.419999999999999929e+00,1.378022275346750591e+00,3.419999999999999929e+00,1.375834911038144037e+00,2.187364308606554175e-03
3.430000000000000160e+00,1.375863285210474185e+00,3.430000000000000160e+00,1.375834911038144037e+00,2.837417233014782880e-05
3.439999999999999947e+00,1.375570830726351224e+00,3.439999999999999947e+00,1.375834911038144037e+00,-2.640803117928136601e-04
3.450000000000000178e+00,1.378417549839032308e+00,3.450000000000000178e+00,1.375834911038144037e+00,2.582638800888270580e-03
3.459999999999999964e+00,1.374095075196850591e+00,3.459999999999999964e+00,1.375834911038144037e+00,-1.739835841293446705e-03
3.470000000000000195e+00,1.377875062135608175e+00,3.470000000000000195e+00,1.375834911038144037e+00,2.040151097464137919e-03
3.479999999999999982e+00,1.374528276584324749e+00,3.479999999999999982e+00,1.375834911038144037e+00,-1.306634453819288666e-03
3.490000000000000213e+00,1.378987003760229646e+00,3.490000000000000213e+00,1.375834911038144037e+00,3.152092722085608756e-03
3.500000000000000000e+00,1.376191694651627939e+00,3.500000000000000000e+00,1.375834911038144037e+00,3.567836134839019735e-04
3.509999999999999787e+00,1.377426405701085654e+00,3.509999999999999787e+00,1.375834911038144037e+00,1.591494662941617122e-03
3.520000000000000018e+00,1.378194482837504120e+00,3.520000000000000018e+00,1.375834911038144037e+00,2.359571799360082878e-03
3.529999999999999805e+00,1.374762854756577557e+00,3.529999999999999805e+00,1.375834911038144037e+00,-1.072056281566480251e-03
3.540000000000000036e+00,1.375233983039245045e+00,3.540000000000000036e+00,1.375834911038144037e+00,-6.009279988989923993e-04
3.549999999999999822e+00,1.376765642942453960e+00,3.549999999999999822e+00,1.375834911038144037e+00,9.307319043099226974e-04
3.560000000000000053e+00,1.374988444189572556e+00,3.560000000000000053e+00,1.375834911038144037e+00,-8.464668485714810231e-04
3.569999999999999840e+00,1.377750320772610282e+00,3.569999999999999840e+00,1.375834911038144037e+00,1.915409734466244629e-03
3.580000000000000071e+00,1.374276271426861928e+00,3.580000000000000071e+00,1.375834911038144037e+00,-1.558639611282108817e-03
3.589999999999999858e+00,1.374874663503994343e+00,3.589999999999999858e+00,1.375834911038144037e+00,-9.602475341496941041e-04
3.600000000000000089e+00,1.373861047517902945e+00,3.600000000000000089e+00,1.375834911038144037e+00,-1.973863520241092573e-03
3.609999999999999876e+00,1.377725876986303888e+00,3.609999999999999876e+00,1.375834911038144037e+00,1.890965948159850640e-03
3.620000000000000107e+00,1.378918166770939813e+00,3.620000000000000107e+00,1.375834911038144037e+00,3.083255732795775472e-03
3.629999999999999893e+00,1.375656223749299967e+00,3.629999999999999893e+00,1.375834911038144037e+00,-1.786872888440704799e-04
3.640000000000000124e+00,1.374557765233565210e+00,3.640000000000000124e+00,1.375834911038144037e+00,-1.277145804578827537e-03
3.649999999999999911e+00,1.376810586638742784e+00,3.649999999999999911e+00,1.375834911038144037e+00,9.756756005987465841e-04
3.660000000000000142e+00,1.377196872391766913e+00,3.660000000000000142e+00,1.375834911038144037e+00,1.361961353622875848e-03
3.669999999999999929e+00,1.376310520200140441e+00,3.669999999999999929e+00,1.375834911038144037e+00,4.756091619964042394e-04
3.680000000000000160e+00,1.378817869194248091e+00,3.680000000000000160e+00,1.375834911038144037e+00,2.982958156104054126e-03
3.689999999999999947e+00,1.378270887121195276e+00,3.689999999999999947e+00,1.375834911038144037e+00,2.435976083051238916e-03
3.700000000000000178e+00,1.376833058486887085e+00,3.700000000000000178e+00,1.375834911038144037e+00,9.981474487430475051e-04
3.709999999999999964e+00,1.375522493647044042e+00,3.709999999999999964e+00,1.375834911038144037e+00,-3.124173910999950010e-04
3.720000000000000195e+00,1.375908779400067949e+00,3.720000000000000195e+00,1.375834911038144037e+00,7.386836192391221800e-05
3.729999999999999982e+00,1.376040537564162003e+00,3.729999999999999982e+00,1.375834911038144037e+00,2.056265260179657162e-04
3.740000000000000213e+00,1.379226626795416522e+00,3.740000000000000213e+00,1.375834911038144037e+00,3.391715757272484311e-03
3.750000000000000000e+00,1.377110057923961683e+00,3.750000000000000000e+00,1.375834911038144037e+00,1.275146885817646236e-03
3.759999999999999787e+00,1.378217505178954250e+00,3.759999999999999787e+00,1.375834911038144037e+00,2.382594140810212480e-03
3.770000000000000018e+00,1.377076625398397702e+00,3.770000000000000018e+00,1.375834911038144037e+00,1.241714360253665106e-03
3.779999999999999805e+00,1.375935745617841155e+00,3.779999999999999805e+00,1.375834911038144037e+00,1.008345796971177322e-04
3.790000000000000036e+00,1.376618980224617150e+00,3.790000000000000036e+00,1.375834911038144037e+00,7.840691864731130778e-04
3.799999999999999822e+00,1.375605364238525530e+00,3.799999999999999822e+00,1.375834911038144037e+00,-2.295467996185074355e-04
3.810000000000000053e+00,1.377518815525129892e+00,3.810000000000000053e+00,1.375834911038144037e+00,1.683904486985854376e-03
3.819999999999999840e+00,1.377183939776185140e+00,3.819999999999999840e+00,1.375834911038144037e+00,1.349028738041102571e-03
3.830000000000000071e+00,1.377315697940279415e+00,3.830000000000000071e+00,1.375834911038144037e+00,1.480786902135378114e-03
3.839999999999999858e+00,1.379017042902775048e+00,3.839999999999999858e+00,1.375834911038144037e+00,3.182131864631010387e-03
3.850000000000000089e+00,1.375924784940421919e+00,3.850000000000000089e+00,1.375834911038144037e+00,8.987390227788161212e-05
3.859999999999999876e+00,1.374741483895044025e+00,3.859999999999999876e+00,1.375834911038144037e+00,-1.093427143100011989e-03
3.870000000000000107e+00,1.374067238027525839e+00,3.870000000000000107e+00,1.375834911038144037e+00,-1.767673010618198148e-03
3.879999999999999893e+00,1.378950177851647085e+00,3.879999999999999893e+00,1.375834911038144037e+00,3.115266813503048127e-03
3.890000000000000124e+00,1.375900341154115525e+00,3.890000000000000124e+00,1.375834911038144037e+00,6.543011597148762348e-05
3.899999999999999911e+00,1.377007788409108091e+00,3.899999999999999911e+00,1.375834911038144037e+00,1.172877370964053867e-03
3.910000000000000142e+00,1.375824487363729975e+00,3.910000000000000142e+00,1.375834911038144037e+00,-1.042367441406177875e-05
3.919999999999999929e+00,1.375659296674072385e+00,3.919999999999999929e+00,1.375834911038144037e+00,-1.756143640716523180e-04
3.930000000000000160e+00,1.376427373810491295e+00,3.930000000000000160e+00,1.375834911038144037e+00,5.924627723472575269e-04
3.939999999999999947e+00,1.377110608417266846e+00,3.939999999999999947e+00,1.375834911038144037e+00,1.275697379122808783e-03
3.950000000000000178e+00,1.376733311403500970e+00,3.950000000000000178e+00,1.375834911038144037e+00,8.984003653569327952e-04
3.959999999999999964e+00,1.379155817867965261e+00,3.959999999999999964e+00,1.375834911038144037e+00,3.320906829821224093e-03
3.970000000000000195e+00,1.377166512790975350e+00,3.970000000000000195e+00,1.375834911038144037e+00,1.331601752831312879e-03
3.979999999999999982e+00,1.374456046212017002e+00,3.979999999999999982e+00,1.375834911038144037e+00,-1.378864826127035315e-03
3.990000000000000213e+00,1.373612115285212321e+00,3.990000000000000213e+00,1.375834911038144037e+00,-2.222795752931716606e-03
4.000000000000000000e+00,1.374974090129134963e+00,4.000000000000000000e+00,1.375834911038144037e+00,-8.608209090090745974e-04
4.009999999999999787e+00,1.373112048846610200e+00,4.009999999999999787e+00,1.375834911038144037e+00,-2.722862191533836906e-03
4.019999999999999574e+00,1.374219496101602322e+00,4.019999999999999574e+00,1.375834911038144037e+00,-1.615414936541714752e-03
4.030000000000000249e+00,1.376981372684640270e+00,4.030000000000000249e+00,1.375834911038144037e+00,1.146461646496232945e-03
4.040000000000000036e+00,1.377452500967307314e+00,4.040000000000000036e+00,1.375834911038144037e+00,1.617589929163276707e-03
4.049999999999999822e+00,1.379578058578019961e+00,4.049999999999999822e+00,1.375834911038144037e+00,3.743147539875923968e-03
4.059999999999999609e+00,1.375510111524768320e+00,4.059999999999999609e+00,1.375834911038144037e+00,-3.247995133757175523e-04
4.070000000000000284e+00,1.375684290953683719e+00,4.070000000000000284e+00,1.375834911038144037e+00,-1.506200844603178268e-04
4.080000000000000071e+00,1.378912801449759806e+00,4.080000000000000071e+00,1.375834911038144037e+00,3.077890411615769040e-03
4.089999999999999858e+00,1.375862964752228024e+00,4.089999999999999858e+00,1.375834911038144037e+00,2.805371408398649180e-05
4.099999999999999645e+00,1.375909880386678719e+00,4.099999999999999645e+00,1.375834911038144037e+00,7.496934853468140147e-05
4.110000000000000320e+00,1.375575004637734411e+00,4.110000000000000320e+00,1.375834911038144037e+00,-2.599064004096263147e-04
4.120000000000000107e+00,1.377446034659516982e+00,4.120000000000000107e+00,1.375834911038144037e+00,1.611123621372945180e-03
4.129999999999999893e+00,1.376941473851285513e+00,4.129999999999999893e+00,1.375834911038144037e+00,1.106562813141476198e-03
4.139999999999999680e+00,1.377794393517347782e+00,4.139999999999999680e+00,1.375834911038144037e+00,1.959482479203744631e-03
4.150000000000000355e+00,1.372793178638019418e+00,4.150000000000000355e+00,1.375834911038144037e+00,-3.041732400124619318e-03
4.160000000000000142e+00,1.369913026999774353e+00,4.160000000000000142e+00,1.375834911038144037e+00,-5.921884038369684689e-03
4.169999999999999929e+00,1.376620081211227475e+00,4.169999999999999929e+00,1.375834911038144037e+00,7.851701730834381721e-04
4.179999999999999716e+00,1.375479201430671372e+00,4.179999999999999716e+00,1.375834911038144037e+00,-3.557096074726651125e-04
4.190000000000000391e+00,1.376671491215307297e+00,4.190000000000000391e+00,1.375834911038144037e+00,8.365801771632597195e-04
4.200000000000000178e+00,1.375912402818145974e+00,4.200000000000000178e+00,1.375834911038144037e+00,7.749178000193701621e-05
4.209999999999999964e+00,1.375874475922953089e+00,4.209999999999999964e+00,1.375834911038144037e+00,3.956488480905129279e-05
4.219999999999999751e+00,1.378339403652238948e+00,4.219999999999999751e+00,1.375834911038144037e+00,2.504492614094910863e-03
4.230000000000000426e+00,1.376562204899357766e+00,4.230000000000000426e+00,1.375834911038144037e+00,7.272938612137291869e-04
4.240000000000000213e+00,1.378221128597031830e+00,4.240000000000000213e+00,1.375834911038144037e+00,2.386217558887793189e-03
4.250000000000000000e+00,1.378310465496303872e+00,4.250000000000000000e+00,1.375834911038144037e+00,2.475554458159834326e-03
4.259999999999999787e+00,1.380775393225589953e+00,4.259999999999999787e+00,1.375834911038144037e+00,4.940482187445915940e-03
4.269999999999999574e+00,1.374798489255362632e+00,4.269999999999999574e+00,1.375834911038144037e+00,-1.036421782781404843e-03
4.280000000000000249e+00,1.375354460067673701e+00,4.280000000000000249e+00,1.375834911038144037e+00,-4.804509704703363582e-04
4.290000000000000036e+00,1.376377064793022686e+00,4.290000000000000036e+00,1.375834911038144037e+00,5.421537548786492522e-04
4.299999999999999822e+00,1.374557444775319270e+00,4.299999999999999822e+00,1.375834911038144037e+00,-1.277466262824766829e-03
4.309999999999999609e+00,1.376767844915675276e+00,4.309999999999999609e+00,1.375834911038144037e+00,9.329338775312390197e-04
4.320000000000000284e+00,1.375669386399940741e+00,4.320000000000000284e+00,1.375834911038144037e+00,-1.655246382032959929e-04
4.330000000000000071e+00,1.376267778477072934e+00,4.330000000000000071e+00,1.375834911038144037e+00,4.328674389288966751e-04
4.339999999999999858e+00,1.372454359012751146e+00,4.339999999999999858e+00,1.375834911038144037e+00,-3.380552025392891125e-03
4.349999999999999645e+00,1.377931196544376125e+00,4.349999999999999645e+00,1.375834911038144037e+00,2.096285506232087315e-03
4.360000000000000320e+00,1.375475257554347630e+00,4.360000000000000320e+00,1.375834911038144037e+00,-3.596534837964071585e-04
4.370000000000000107e+00,1.380018827259895886e+00,4.370000000000000107e+00,1.375834911038144037e+00,4.183916221751848852e-03
4.379999999999999893e+00,1.379853636570237851e+00,4.379999999999999893e+00,1.375834911038144037e+00,4.018725532093814223e-03
4.389999999999999680e+00,1.373664626275902467e+00,4.389999999999999680e+00,1.375834911038144037e+00,-2.170284762241569965e-03
4.400000000000000355e+00,1.373838805704818089e+00,4.400000000000000355e+00,1.375834911038144037e+00,-1.996105333325948195e-03
4.410000000000000142e+00,1.374564461576415431e+00,4.410000000000000142e+00,1.375834911038144037e+00,-1.270449461728606622e-03
4.419999999999999929e+00,1.376435491598198002e+00,4.419999999999999929e+00,1.375834911038144037e+00,6.005805600539648736e-04
4.429999999999999716e+00,1.375846088260323397e+00,4.429999999999999716e+00,1.375834911038144037e+00,1.117722217935934736e-05
4.440000000000000391e+00,1.375002157333518715e+00,4.440000000000000391e+00,1.375834911038144037e+00,-8.327537046253219444e-04
4.450000000000000178e+00,1.375600549410651130e+00,4.450000000000000178e+00,1.375834911038144037e+00,-2.343616274929072318e-04
4.459999999999999964e+00,1.376962524254573328e+00,4.459999999999999964e+00,1.375834911038144037e+00,1.127613216429290688e-03
4.469999999999999751e+00,1.375694380679552076e+00,4.469999999999999751e+00,1.375834911038144037e+00,-1.405303585919615017e-04
4.480000000000000426e+00,1.374765607223104036e+00,4.480000000000000426e+00,1.375834911038144037e+00,-1.069303815040001382e-03
4.490000000000000213e+00,1.379563704517582146e+00,4.490000000000000213e+00,1.375834911038144037e+00,3.728793479438108349e-03
4.500000000000000000e+00,1.375495757464330282e+00,4.500000000000000000e+00,1.375834911038144037e+00,-3.391535738137552158e-04
4.509999999999999787e+00,1.375797200687710831e+00,4.509999999999999787e+00,1.375834911038144037e+00,-3.771035043320658531e-05
4.519999999999999574e+00,1.374401793318224430e+00,4.519999999999999574e+00,1.375834911038144037e+00,-1.433117719919607680e-03
4.530000000000000249e+00,1.374406287687853556e+00,4.530000000000000249e+00,1.375834911038144037e+00,-1.428623350290481042e-03
4.540000000000000036e+00,1.375259207353915603e+00,4.540000000000000036e+00,1.375834911038144037e+00,-5.757036842284346534e-04
4.549999999999999822e+00,1.376493918403373096e+00,4.549999999999999822e+00,1.375834911038144037e+00,6.590073652290584505e-04
4.559999999999999609e+00,1.379595165104984256e+00,4.559999999999999609e+00,1.375834911038144037e+00,3.760254066840218456e-03
4.570000000000000284e+00,1.377266489909421132e+00,4.570000000000000284e+00,1.375834911038144037e+00,1.431578871277094933e-03
4.580000000000000071e+00,1.373750019298851210e+00,4.580000000000000071e+00,1.375834911038144037e+00,-2.084891739292826784e-03
4.589999999999999858e+00,1.376045261968850353e+00,4.589999999999999858e+00,1.375834911038144037e+00,2.103509307063156086e-04
4.599999999999999645e+00,1.372740897682388717e+00,4.599999999999999645e+00,1.375834911038144037e+00,-3.094013355755320660e-03
4.610000000000000320e+00,1.372957498376126129e+00,4.610000000000000320e+00,1.375834911038144037e+00,-2.877412662017908573e-03
4.620000000000000107e+00,1.379664552587579252e+00,4.620000000000000107e+00,1.375834911038144037e+00,3.829641549435214287e-03
4.629999999999999893e+00,1.376232924506652688e+00,4.629999999999999893e+00,1.375834911038144037e+00,3.980134685086511581e-04
4.639999999999999680e+00,1.377764584409861603e+00,4.639999999999999680e+00,1.375834911038144037e+00,1.929673371717566255e-03
4.650000000000000355e+00,1.376284334510731844e+00,4.650000000000000355e+00,1.375834911038144037e+00,4.494234725878065717e-04
4.660000000000000142e+00,1.375143454730175741e+00,4.660000000000000142e+00,1.375834911038144037e+00,-6.914563079682967128e-04
4.669999999999999929e+00,1.377523539929818241e+00,4.669999999999999929e+00,1.375834911038144037e+00,1.688628891674204269e-03
4.679999999999999716e+00,1.375746341176936838e+00,4.679999999999999716e+00,1.375834911038144037e+00,-8.856986120719945177e-05
4.690000000000000391e+00,1.376514418313355748e+00,4.690000000000000391e+00,1.375834911038144037e+00,6.795072752117103931e-04
4.700000000000000178e+00,1.375797751181016215e+00,4.700000000000000178e+00,1.375834911038144037e+00,-3.715985712782199357e-05
4.709999999999999964e+00,1.377371832349047143e+00,4.709999999999999964e+00,1.375834911038144037e+00,1.536921310903105464e-03
4.719999999999999751e+00,1.377461169248319184e+00,4.719999999999999751e+00,1.375834911038144037e+00,1.626258210175146601e-03
4.730000000000000426e+00,1.378059561325451821e+00,4.730000000000000426e+00,1.375834911038144037e+00,2.224650287307783358e-03
4.740000000000000213e+00,1.375858149924353624e+00,4.740000000000000213e+00,1.375834911038144037e+00,2.323888620958669549e-05
4.750000000000000000e+00,1.377432231092384107e+00,4.750000000000000000e+00,1.375834911038144037e+00,1.597320054240070064e-03
4.759999999999999787e+00,1.374891449572712698e+00,4.759999999999999787e+00,1.375834911038144037e+00,-9.434614654313389082e-04
4.769999999999999574e+00,1.375956475562883252e+00,4.769999999999999574e+00,1.375834911038144037e+00,1.215645247392149741e-04
4.780000000000000249e+00,1.378082033173596344e+00,4.780000000000000249e+00,1.375834911038144037e+00,2.247122135452306324e-03
4.790000000000000036e+00,1.374353456238917470e+00,4.790000000000000036e+00,1.375834911038144037e+00,-1.481454799226566976e-03
4.799999999999999822e+00,1.374654899462298241e+00,4.799999999999999822e+00,1.375834911038144037e+00,-1.180011575845796301e-03
4.809999999999999609e+00,1.374447287507818638e+00,4.809999999999999609e+00,1.375834911038144037e+00,-1.387623530325399202e-03
4.820000000000000284e+00,1.375936526146206429e+00,4.820000000000000284e+00,1.375834911038144037e+00,1.016151080623917125e-04
4.830000000000000071e+00,1.376365233164051682e+00,4.830000000000000071e+00,1.375834911038144037e+00,5.303221259076451588e-04
4.839999999999999858e+00,1.375478880972425433e+00,4.839999999999999858e+00,1.375834911038144037e+00,-3.560300657186044049e-04
4.849999999999999645e+00,1.377519596053494721e+00,4.849999999999999645e+00,1.375834911038144037e+00,1.684685015350684267e-03
4.860000000000000320e+00,1.379136098486347439e+00,4.860000000000000320e+00,1.375834911038144037e+00,3.301187448203402042e-03
4.870000000000000107e+00,1.375789312935063791e+00,4.870000000000000107e+00,1.375834911038144037e+00,-4.559810308024658809e-05
4.879999999999999893e+00,1.373884850387717460e+00,4.879999999999999893e+00,1.375834911038144037e+00,-1.950060650426577169e-03
4.889999999999999680e+00,1.372956076931269420e+00,4.889999999999999680e+00,1.375834911038144037e+00,-2.878834106874617049e-03
4.900000000000000355e+00,1.375972481103237444e+00,4.900000000000000355e+00,1.375834911038144037e+00,1.375700650934064129e-04
4.910000000000000142e+00,1.378734357686274947e+00,4.910000000000000142e+00,1.375834911038144037e+00,2.899446648130910020e-03
4.919999999999999929e+00,1.376363261225890033e+00,4.919999999999999929e+00,1.375834911038144037e+00,5.283501877459961804e-04
4.929999999999999716e+00,1.378191869982850815e+00,4.929999999999999716e+00,1.375834911038144037e+00,2.356958944706777359e-03
4.940000000000000391e+00,1.375142033285319476e+00,4.940000000000000391e+00,1.375834911038144037e+00,-6.928777528245610995e-04
4.950000000000000178e+00,1.376928220777458467e+00,4.950000000000000178e+00,1.375834911038144037e+00,1.093309739314429763e-03
4.959999999999999964e+00,1.373581435226175040e+00,4.959999999999999964e+00,1.375834911038144037e+00,-2.253475811968996823e-03
4.969999999999999751e+00,1.374264669832950592e+00,4.969999999999999751e+00,1.375834911038144037e+00,-1.570241205193445566e-03
4.980000000000000426e+00,1.377365916534561974e+00,4.980000000000000426e+00,1.375834911038144037e+00,1.531005496417936484e-03
4.990000000000000213e+00,1.377412832169012447e+00,4.990000000000000213e+00,1.375834911038144037e+00,1.577921130868409350e-03
5.000000000000000000e+00,1.376696165036672914e+00,5.000000000000000000e+00,1.375834911038144037e+00,8.612539985288769628e-04
5.009999999999999787e+00,1.374749281224504571e+00,5.009999999999999787e+00,1.375834911038144037e+00,-1.085629813639465979e-03
5.019999999999999574e+00,1.377723264131650804e+00,5.019999999999999574e+00,1.375834911038144037e+00,1.888353093506767166e-03
5.030000000000000249e+00,1.376200592967699254e+00,5.030000000000000249e+00,1.375834911038144037e+00,3.656819295552171667e-04
5.040000000000000036e+00,1.374168866625887775e+00,5.040000000000000036e+00,1.375834911038144037e+00,-1.666044412256262319e-03
5.049999999999999822e+00,1.373324935699083316e+00,5.049999999999999822e+00,1.375834911038144037e+00,-2.509975339060721566e-03
5.059999999999999609e+00,1.377868505404631350e+00,5.059999999999999609e+00,1.375834911038144037e+00,2.033594366487312399e-03
5.070000000000000284e+00,1.374818668707099567e+00,5.070000000000000284e+00,1.375834911038144037e+00,-1.016242331044470149e-03
5.080000000000000071e+00,1.377453281495672144e+00,5.080000000000000071e+00,1.375834911038144037e+00,1.618370457528106598e-03
5.089999999999999858e+00,1.375888189066899026e+00,5.089999999999999858e+00,1.375834911038144037e+00,5.327802875498832691e-05
5.099999999999999645e+00,1.376868372527426665e+00,5.099999999999999645e+00,1.375834911038144037e+00,1.033461489282627710e-03
5.110000000000000320e+00,1.380860465790292757e+00,5.110000000000000320e+00,1.375834911038144037e+00,5.025554752148719828e-03
5.120000000000000107e+00,1.374968404349709017e+00,5.120000000000000107e+00,1.375834911038144037e+00,-8.665066884350203225e-04
5.129999999999999893e+00,1.374888056189694341e+00,5.129999999999999893e+00,1.375834911038144037e+00,-9.468548484496963624e-04
5.139999999999999680e+00,1.375740975855756609e+00,5.139999999999999680e+00,1.375834911038144037e+00,-9.393518238742792903e-05
5.150000000000000355e+00,1.375066729988239089e+00,5.150000000000000355e+00,1.375834911038144037e+00,-7.681810499049479546e-04
5.160000000000000142e+00,1.376216598508053224e+00,5.160000000000000142e+00,1.375834911038144037e+00,3.816874699091865608e-04
5.169999999999999929e+00,1.377324045763045568e+00,5.169999999999999929e+00,1.375834911038144037e+00,1.489134724901530760e-03
5.179999999999999716e+00,1.374740842978552147e+00,5.179999999999999716e+00,1.375834911038144037e+00,-1.094068059591890574e-03
5.190000000000000391e+00,1.377969353474628234e+00,5.190000000000000391e+00,1.375834911038144037e+00,2.134442436484196293e-03
5.200000000000000178e+00,1.376234575986568620e+00,5.200000000000000178e+00,1.375834911038144037e+00,3.996649484245828887e-04
5.209999999999999964e+00,1.378572239921389553e+00,5.209999999999999964e+00,1.375834911038144037e+00,2.737328883245515598e-03
5.219999999999999751e+00,1.377091990022259793e+00,5.219999999999999751e+00,1.375834911038144037e+00,1.257078984115755915e-03
5.230000000000000426e+00,1.374211838384014950e+00,5.230000000000000426e+00,1.375834911038144037e+00,-1.623072654129087411e-03
5.240000000000000213e+00,1.374004226429535347e+00,5.240000000000000213e+00,1.375834911038144037e+00,-1.830684608608690311e-03
5.250000000000000000e+00,1.379735591550090179e+00,5.250000000000000000e+00,1.375834911038144037e+00,3.900680511946141849e-03
5.259999999999999787e+00,1.375243431848621745e+00,5.259999999999999787e+00,1.375834911038144037e+00,-5.914791895222926144e-04
5.269999999999999574e+00,1.374102552068065197e+00,5.269999999999999574e+00,1.375834911038144037e+00,-1.732358970078839988e-03
5.280000000000000249e+00,1.373301042406082528e+00,5.280000000000000249e+00,1.375834911038144037e+00,-2.533868632061508919e-03
5.290000000000000036e+00,1.376741659226266901e+00,5.290000000000000036e+00,1.375834911038144037e+00,9.067481881228633966e-04
5.299999999999999822e+00,1.377976370275724172e+00,5.299999999999999822e+00,1.375834911038144037e+00,2.141459237580134456e-03
5.309999999999999609e+00,1.377132439348919490e+00,5.309999999999999609e+00,1.375834911038144037e+00,1.297528310775453164e-03
5.320000000000000284e+00,1.376076402098006524e+00,5.320000000000000284e+00,1.375834911038144037e+00,2.414910598624864235e-04
5.330000000000000071e+00,1.377183849352999090e+00,5.330000000000000071e+00,1.375834911038144037e+00,1.348938314855052667e-03
5.339999999999999858e+00,1.377145922457806426e+00,5.339999999999999858e+00,1.375834911038144037e+00,1.311011419662388988e-03
5.349999999999999645e+00,1.378253369712798548e+00,5.349999999999999645e+00,1.375834911038144037e+00,2.418458674654511142e-03
5.360000000000000320e+00,1.375118690485623629e+00,5.360000000000000320e+00,1.375834911038144037e+00,-7.162205525204079493e-04
5.370000000000000107e+00,1.373850546910602599e+00,5.370000000000000107e+00,1.375834911038144037e+00,-1.984364127541438094e-03
5.379999999999999893e+00,1.376103368315779951e+00,5.379999999999999893e+00,1.375834911038144037e+00,2.684572776359139823e-04
5.389999999999999680e+00,1.379671248930429250e+00,5.389999999999999680e+00,1.375834911038144037e+00,3.836337892285213158e-03
5.400000000000000355e+00,1.376663833497719480e+00,5.400000000000000355e+00,1.375834911038144037e+00,8.289224595754429714e-04
5.410000000000000142e+00,1.376541064072883236e+00,5.410000000000000142e+00,1.375834911038144037e+00,7.061530347391986595e-04
5.419999999999999929e+00,1.372557959549274731e+00,5.419999999999999929e+00,1.375834911038144037e+00,-3.276951488869306317e-03
5.429999999999999716e+00,1.373962355658018941e+00,5.429999999999999716e+00,1.375834911038144037e+00,-1.872555380125096036e-03
5.440000000000000391e+00,1.373372952320144558e+00,5.440000000000000391e+00,1.375834911038144037e+00,-2.461958717999479518e-03
5.450000000000000178e+00,1.376516620286577064e+00,5.450000000000000178e+00,1.375834911038144037e+00,6.817092484330267155e-04
5.459999999999999964e+00,1.377369539952639554e+00,5.459999999999999964e+00,1.375834911038144037e+00,1.534628914495517193e-03
5.469999999999999751e+00,1.376186238907261661e+00,5.469999999999999751e+00,1.375834911038144037e+00,3.513278691176235924e-04
5.480000000000000426e+00,1.373603036122768462e+00,5.480000000000000426e+00,1.375834911038144037e+00,-2.231874915375575696e-03
5.490000000000000213e+00,1.377086074207774624e+00,5.490000000000000213e+00,1.375834911038144037e+00,1.251163169630586935e-03
5.500000000000000000e+00,1.378320785257231895e+00,5.500000000000000000e+00,1.375834911038144037e+00,2.485874219087857995e-03
5.509999999999999787e+00,1.377604118124892141e+00,5.509999999999999787e+00,1.375834911038144037e+00,1.769207086748103563e-03
5.519999999999999574e+00,1.377905561348272689e+00,5.519999999999999574e+00,1.375834911038144037e+00,2.070650310128652194e-03
5.530000000000000249e+00,1.376891945362181291e+00,5.530000000000000249e+00,1.375834911038144037e+00,1.057034324037253725e-03
5.540000000000000036e+00,1.376938860996632208e+00,5.540000000000000036e+00,1.375834911038144037e+00,1.103949958488170680e-03
5.549999999999999822e+00,1.376349457658757602e+00,5.549999999999999822e+00,1.375834911038144037e+00,5.145466206135651532e-04
5.559999999999999609e+00,1.374360152581767691e+00,5.559999999999999609e+00,1.375834911038144037e+00,-1.474758456376346061e-03
5.570000000000000284e+00,1.374364646951396818e+00,5.570000000000000284e+00,1.375834911038144037e+00,-1.470264086747219423e-03
5.580000000000000071e+00,1.378271897684619551e+00,5.580000000000000071e+00,1.375834911038144037e+00,2.436986646475514107e-03
5.589999999999999858e+00,1.375985643753877774e+00,5.589999999999999858e+00,1.375834911038144037e+00,1.507327157337368106e-04
5.599999999999999645e+00,1.377305197332978626e+00,5.599999999999999645e+00,1.375834911038144037e+00,1.470286294834588503e-03
5.610000000000000320e+00,1.374467466959555573e+00,5.610000000000000320e+00,1.375834911038144037e+00,-1.367444078588464507e-03
5.620000000000000107e+00,1.376338496981338144e+00,5.620000000000000107e+00,1.375834911038144037e+00,5.035859431941069886e-04
5.629999999999999893e+00,1.377615629295616984e+00,5.629999999999999893e+00,1.375834911038144037e+00,1.780718257472946320e-03
5.639999999999999680e+00,1.377959493783819322e+00,5.639999999999999680e+00,1.375834911038144037e+00,2.124582745675285267e-03
5.650000000000000355e+00,1.373340070287885961e+00,5.650000000000000355e+00,1.375834911038144037e+00,-2.494840750258076056e-03
5.660000000000000142e+00,1.372920352009298073e+00,5.660000000000000142e+00,1.375834911038144037e+00,-2.914559028845964406e-03
5.669999999999999929e+00,1.372627897525175111e+00,5.669999999999999929e+00,1.375834911038144037e+00,-3.207013512968925895e-03
5.679999999999999716e+00,1.375050403989639403e+00,5.679999999999999716e+00,1.375834911038144037e+00,-7.845070485046345965e-04
5.690000000000000391e+00,1.376412378833561823e+00,5.690000000000000391e+00,1.375834911038144037e+00,5.774677954177853678e-04
5.700000000000000178e+00,1.376204766879082664e+00,5.700000000000000178e+00,1.375834911038144037e+00,3.698558409386265566e-04
5.709999999999999964e+00,1.376378946307997619e+00,5.709999999999999964e+00,1.375834911038144037e+00,5.440352698535821929e-04
5.719999999999999751e+00,1.377359129768525259e+00,5.719999999999999751e+00,1.375834911038144037e+00,1.524218730381221576e-03
5.730000000000000426e+00,1.376345513782433860e+00,5.730000000000000426e+00,1.375834911038144037e+00,5.106027442898231072e-04
5.740000000000000213e+00,1.375501582855629401e+00,5.740000000000000213e+00,1.375834911038144037e+00,-3.333281825146361399e-04
5.750000000000000000e+00,1.372875958806314411e+00,5.750000000000000000e+00,1.375834911038144037e+00,-2.958952231829625745e-03
5.759999999999999787e+00,1.372753189381478167e+00,5.759999999999999787e+00,1.375834911038144037e+00,-3.081721656665870057e-03
5.769999999999999574e+00,1.376448333790592615e+00,5.769999999999999574e+00,1.375834911038144037e+00,6.134227524485780236e-04
5.780000000000000249e+00,1.376240721836113678e+00,5.780000000000000249e+00,1.375834911038144037e+00,4.058107979696412571e-04
5.790000000000000036e+00,1.377348169091105801e+00,5.790000000000000036e+00,1.375834911038144037e+00,1.513258052961763411e-03
5.799999999999999822e+00,1.375189178954829394e+00,5.799999999999999822e+00,1.375834911038144037e+00,-6.457320833146429351e-04
5.809999999999999609e+00,1.377611685419293241e+00,5.809999999999999609e+00,1.375834911038144037e+00,1.776774381149204274e-03
5.820000000000000284e+00,1.375283010223730562e+00,5.820000000000000284e+00,1.375834911038144037e+00,-5.519008144134751603e-04
5.830000000000000071e+00,1.378469099454984859e+00,5.830000000000000071e+00,1.375834911038144037e+00,2.634188416840821390e-03
5.839999999999999858e+00,1.375843475405669869e+00,5.839999999999999858e+00,1.375834911038144037e+00,8.564367525831784178e-06
5.849999999999999645e+00,1.373514800210106745e+00,5.849999999999999645e+00,1.375834911038144037e+00,-2.320110828037291739e-03
5.860000000000000320e+00,1.374282877346525655e+00,5.860000000000000320e+00,1.375834911038144037e+00,-1.552033691618381894e-03
5.870000000000000107e+00,1.375178218277409714e+00,5.870000000000000107e+00,1.375834911038144037e+00,-6.566927607343231443e-04
5.879999999999999893e+00,1.374461551145070182e+00,5.879999999999999893e+00,1.375834911038144037e+00,-1.373359893073855531e-03
5.889999999999999680e+00,1.375568998400062748e+00,5.889999999999999680e+00,1.375834911038144037e+00,-2.659126380812892876e-04
5.900000000000000355e+00,1.377821819805240322e+00,5.900000000000000355e+00,1.375834911038144037e+00,1.986908767096284834e-03
5.910000000000000142e+00,1.375068931961460184e+00,5.910000000000000142e+00,1.375834911038144037e+00,-7.659790766838536769e-04
5.919999999999999929e+00,1.375243111390375805e+00,5.919999999999999929e+00,1.375834911038144037e+00,-5.917996477682319068e-04
5.929999999999999716e+00,1.374611286787679632e+00,5.929999999999999716e+00,1.375834911038144037e+00,-1.223624250464405705e-03
5.940000000000000391e+00,1.375761155307493766e+00,5.940000000000000391e+00,1.375834911038144037e+00,-7.375573065027118957e-05
5.950000000000000178e+00,1.375892913471587375e+00,5.950000000000000178e+00,1.375834911038144037e+00,5.800243344333821938e-05
5.959999999999999964e+00,1.376491305548719790e+00,5.959999999999999964e+00,1.375834911038144037e+00,6.563945105757529319e-04
5.969999999999999751e+00,1.371787039523142848e+00,5.969999999999999751e+00,1.375834911038144037e+00,-4.047871515001189024e-03
5.980000000000000426e+00,1.374803443695110650e+00,5.980000000000000426e+00,1.375834911038144037e+00,-1.031467343033387607e-03
5.990000000000000213e+00,1.374214040357236266e+00,5.990000000000000213e+00,1.375834911038144037e+00,-1.620870680907771089e-03
6.000000000000000000e+00,1.374218534726865171e+00,6.000000000000000000e+00,1.375834911038144037e+00,-1.616376311278866496e-03
6.009999999999999787e+00,1.373077654946308845e+00,6.009999999999999787e+00,1.375834911038144037e+00,-2.757256091835191825e-03
6.019999999999999574e+00,1.375500161410773137e+00,6.019999999999999574e+00,1.375834911038144037e+00,-3.347496273709005266e-04
6.030000000000000249e+00,1.376777293725052198e+00,6.030000000000000249e+00,1.375834911038144037e+00,9.423826869081608493e-04
6.040000000000000036e+00,1.377545370861470886e+00,6.040000000000000036e+00,1.375834911038144037e+00,1.710459823326848650e-03
6.049999999999999822e+00,1.374410691634296189e+00,6.049999999999999822e+00,1.375834911038144037e+00,-1.424219403847848398e-03
6.059999999999999609e+00,1.375730245213396818e+00,6.059999999999999609e+00,1.375834911038144037e+00,-1.046658247472187497e-04
6.070000000000000284e+00,1.372765251045508617e+00,6.070000000000000284e+00,1.375834911038144037e+00,-3.069659992635420664e-03
6.080000000000000071e+00,1.376205867865693211e+00,6.080000000000000071e+00,1.375834911038144037e+00,3.709568275491736955e-04
6.089999999999999858e+00,1.375319515674066961e+00,6.089999999999999858e+00,1.375834911038144037e+00,-5.153953640770758682e-04
6.099999999999999645e+00,1.368960820320444416e+00,6.099999999999999645e+00,1.375834911038144037e+00,-6.874090717699621322e-03
6.110000000000000320e+00,1.372316594610985874e+00,6.110000000000000320e+00,1.375834911038144037e+00,-3.518316427158163506e-03
6.120000000000000107e+00,1.377157113170285108e+00,6.120000000000000107e+00,1.375834911038144037e+00,1.322202132141070408e-03
6.129999999999999893e+00,1.378561509279029096e+00,6.129999999999999893e+00,1.375834911038144037e+00,2.726598240885058644e-03
6.139999999999999680e+00,1.371015018510400418e+00,6.139999999999999680e+00,1.375834911038144037e+00,-4.819892527743618871e-03
6.150000000000000355e+00,1.376449434777203829e+00,6.150000000000000355e+00,1.375834911038144037e+00,6.145237390597912963e-04
6.160000000000000142e+00,1.372593594048060028e+00,6.160000000000000142e+00,1.375834911038144037e+00,-3.241316990084008864e-03
6.169999999999999929e+00,1.375609998220027830e+00,6.169999999999999929e+00,1.375834911038144037e+00,-2.249128181162074469e-04
6.179999999999999716e+00,1.374087327056076502e+00,6.179999999999999716e+00,1.375834911038144037e+00,-1.747583982067535402e-03
6.190000000000000391e+00,1.371885915654978083e+00,6.190000000000000391e+00,1.375834911038144037e+00,-3.948995383165954109e-03
6.200000000000000178e+00,1.376344642830883203e+00,6.200000000000000178e+00,1.375834911038144037e+00,5.097317927391653569e-04
6.209999999999999964e+00,1.377197562496945249e+00,6.209999999999999964e+00,1.375834911038144037e+00,1.362651458801211746e-03
6.219999999999999751e+00,1.377753533309255873e+00,6.219999999999999751e+00,1.375834911038144037e+00,1.918622271111836142e-03
6.230000000000000426e+00,1.374661275346902523e+00,6.230000000000000426e+00,1.375834911038144037e+00,-1.173635691241514678e-03
6.240000000000000213e+00,1.376701990427971811e+00,6.240000000000000213e+00,1.375834911038144037e+00,8.670793898277739942e-04
6.250000000000000000e+00,1.376070165825275637e+00,6.250000000000000000e+00,1.375834911038144037e+00,2.352547871316001959e-04
6.259999999999999787e+00,1.379086569997243217e+00,6.259999999999999787e+00,1.375834911038144037e+00,3.251658959099179569e-03
6.269999999999999574e+00,1.376885158596145242e+00,6.269999999999999574e+00,1.375834911038144037e+00,1.050247558001204951e-03
6.280000000000000249e+00,1.374938274783976899e+00,6.280000000000000249e+00,1.375834911038144037e+00,-8.966362541671379915e-04
6.290000000000000036e+00,1.375918458244504095e+00,6.290000000000000036e+00,1.375834911038144037e+00,8.354720636005730228e-05
6.299999999999999822e+00,1.374650314669483064e+00,6.299999999999999822e+00,1.375834911038144037e+00,-1.184596368660972843e-03
6.309999999999999609e+00,1.374866915363220254e+00,6.309999999999999609e+00,1.375834911038144037e+00,-9.679956749237828006e-04
6.320000000000000284e+00,1.374489618349454156e+00,6.320000000000000284e+00,1.375834911038144037e+00,-1.345292688689880833e-03
6.330000000000000071e+00,1.375639486869268291e+00,6.330000000000000071e+00,1.375834911038144037e+00,-1.954241688757463180e-04
6.339999999999999858e+00,1.376662091594617277e+00,6.339999999999999858e+00,1.375834911038144037e+00,8.271805564732392924e-04
6.349999999999999645e+00,1.375987845727099090e+00,6.349999999999999645e+00,1.375834911038144037e+00,1.529346889550531330e-04
6.360000000000000320e+00,1.374253068239039477e+00,6.360000000000000320e+00,1.375834911038144037e+00,-1.581842799104560271e-03
6.370000000000000107e+00,1.376590732173860632e+00,6.370000000000000107e+00,1.375834911038144037e+00,7.558211357165944833e-04
6.379999999999999893e+00,1.374007529389367210e+00,6.379999999999999893e+00,1.375834911038144037e+00,-1.827381648776826850e-03
6.389999999999999680e+00,1.375411925498111199e+00,6.389999999999999680e+00,1.375834911038144037e+00,-4.229855400328386139e-04
6.400000000000000355e+00,1.377834431962575712e+00,6.400000000000000355e+00,1.375834911038144037e+00,1.999520924431674729e-03
6.410000000000000142e+00,1.372875638348068694e+00,6.410000000000000142e+00,1.375834911038144037e+00,-2.959272690075342993e-03
6.419999999999999929e+00,1.371777179832334159e+00,6.419999999999999929e+00,1.375834911038144037e+00,-4.057731205809878006e-03
6.429999999999999716e+00,1.375557166771091966e+00,6.429999999999999716e+00,1.375834911038144037e+00,-2.777442670520713364e-04
6.440000000000000391e+00,1.378319043354129692e+00,6.440000000000000391e+00,1.375834911038144037e+00,2.484132315985654316e-03
6.450000000000000178e+00,1.377220584838394934e+00,6.450000000000000178e+00,1.375834911038144037e+00,1.385673800250897258e-03
6.459999999999999964e+00,1.374467696994615018e+00,6.459999999999999964e+00,1.375834911038144037e+00,-1.367214043529019207e-03
6.469999999999999751e+00,1.373708608597453695e+00,6.469999999999999751e+00,1.375834911038144037e+00,-2.126302440690341911e-03
6.480000000000000426e+00,1.375028162176554547e+00,6.480000000000000426e+00,1.375834911038144037e+00,-8.067488615894902182e-04
6.490000000000000213e+00,1.376856770933515550e+00,6.490000000000000213e+00,1.375834911038144037e+00,1.021859895371513005e-03
6.500000000000000000e+00,1.375927997477067732e+00,6.500000000000000000e+00,1.375834911038144037e+00,9.308643892369516948e-05
6.509999999999999787e+00,1.376271861965269849e+00,6.509999999999999787e+00,1.375834911038144037e+00,4.369509271258120719e-04
6.519999999999999574e+00,1.377294466690618835e+00,6.519999999999999574e+00,1.375834911038144037e+00,1.459555652474797682e-03
6.530000000000000249e+00,1.375177897819163997e+00,6.530000000000000249e+00,1.375834911038144037e+00,-6.570132189800403921e-04
6.540000000000000036e+00,1.371364478354841987e+00,6.540000000000000036e+00,1.375834911038144037e+00,-4.470432683302050236e-03
6.549999999999999822e+00,1.374762673910204791e+00,6.549999999999999822e+00,1.375834911038144037e+00,-1.072237127939246193e-03
6.559999999999999609e+00,1.377397286698777590e+00,6.559999999999999609e+00,1.375834911038144037e+00,1.562375660633552599e-03
6.570000000000000284e+00,1.375153454032857825e+00,6.570000000000000284e+00,1.375834911038144037e+00,-6.814570052862123362e-04
6.580000000000000071e+00,1.376769956465710321e+00,6.580000000000000071e+00,1.375834911038144037e+00,9.350454275662833936e-04
6.589999999999999858e+00,1.377241084748377808e+00,6.589999999999999858e+00,1.375834911038144037e+00,1.406173710233771246e-03
6.599999999999999645e+00,1.376694102675324549e+00,6.599999999999999645e+00,1.375834911038144037e+00,8.591916371805119468e-04
6.610000000000000320e+00,1.379583243052827424e+00,6.610000000000000320e+00,1.375834911038144037e+00,3.748332014683386504e-03
6.620000000000000107e+00,1.378654469596379606e+00,6.620000000000000107e+00,1.375834911038144037e+00,2.819558558235568668e-03
6.629999999999999893e+00,1.376113688076707753e+00,6.629999999999999893e+00,1.375834911038144037e+00,2.787770385637156068e-04
6.639999999999999680e+00,1.377433241655808605e+00,6.639999999999999680e+00,1.375834911038144037e+00,1.598330617664567299e-03
6.650000000000000355e+00,1.377946791203297883e+00,6.650000000000000355e+00,1.375834911038144037e+00,2.111880165153845468e-03
6.660000000000000142e+00,1.374048529209332514e+00,6.660000000000000142e+00,1.375834911038144037e+00,-1.786381828811522965e-03
6.669999999999999929e+00,1.372695543104667681e+00,6.669999999999999929e+00,1.375834911038144037e+00,-3.139367933476355788e-03
6.679999999999999716e+00,1.378893542138261097e+00,6.679999999999999716e+00,1.375834911038144037e+00,3.058631100117059631e-03
6.690000000000000391e+00,1.374952858879474160e+00,6.690000000000000391e+00,1.375834911038144037e+00,-8.820521586698770733e-04
6.700000000000000178e+00,1.379072215936805623e+00,6.700000000000000178e+00,1.375834911038144037e+00,3.237304898661585995e-03
6.709999999999999964e+00,1.376658698211598919e+00,6.709999999999999964e+00,1.375834911038144037e+00,8.237871734548818381e-04
6.719999999999999751e+00,1.377723724201769473e+00,6.719999999999999751e+00,1.375834911038144037e+00,1.888813163625435720e-03
6.730000000000000426e+00,1.375988946713710082e+00,6.730000000000000426e+00,1.375834911038144037e+00,1.540356755660443611e-04
6.740000000000000213e+00,1.374211747960828456e+00,6.740000000000000213e+00,1.375834911038144037e+00,-1.623163077315581404e-03
6.750000000000000000e+00,1.376294884306719535e+00,6.750000000000000000e+00,1.375834911038144037e+00,4.599732685754975847e-04
6.759999999999999787e+00,1.374941898202054702e+00,6.759999999999999787e+00,1.375834911038144037e+00,-8.930128360893352379e-04
6.769999999999999574e+00,1.376600821899728766e+00,6.769999999999999574e+00,1.375834911038144037e+00,7.659108615847287638e-04
6.780000000000000249e+00,1.374102461644878925e+00,6.780000000000000249e+00,1.375834911038144037e+00,-1.732449393265111937e-03
6.790000000000000036e+00,1.373852428425577976e+00,6.790000000000000036e+00,1.375834911038144037e+00,-1.982482612566061064e-03
6.799999999999999822e+00,1.382807809672579991e+00,6.799999999999999822e+00,1.375834911038144037e+00,6.972898634435953369e-03
6.809999999999999609e+00,1.376533956848601248e+00,6.809999999999999609e+00,1.375834911038144037e+00,6.990458104572105924e-04
6.820000000000000284e+00,1.378023195486988595e+00,6.820000000000000284e+00,1.375834911038144037e+00,2.188284448844557417e-03
6.830000000000000071e+00,1.376288417998928759e+00,6.830000000000000071e+00,1.375834911038144037e+00,4.535069607847219686e-04
6.839999999999999858e+00,1.376038384779627588e+00,6.839999999999999858e+00,1.375834911038144037e+00,2.034737414835507963e-04
6.849999999999999645e+00,1.376297406738186568e+00,6.849999999999999645e+00,1.375834911038144037e+00,4.624957000425311548e-04
6.860000000000000320e+00,1.373544518894406652e+00,6.860000000000000320e+00,1.375834911038144037e+00,-2.290392143737385311e-03
6.870000000000000107e+00,1.379445569074248201e+00,6.870000000000000107e+00,1.375834911038144037e+00,3.610658036104164026e-03
6.879999999999999893e+00,1.377965319175118442e+00,6.879999999999999893e+00,1.375834911038144037e+00,2.130408136974404343e-03
6.889999999999999680e+00,1.373685265797758071e+00,6.889999999999999680e+00,1.375834911038144037e+00,-2.149645240385966716e-03
6.900000000000000355e+00,1.374495764198998993e+00,6.900000000000000355e+00,1.375834911038144037e+00,-1.339146839145044510e-03
6.910000000000000142e+00,1.376281951691138206e+00,6.910000000000000142e+00,1.375834911038144037e+00,4.470406529941683971e-04
6.919999999999999929e+00,1.377983296653634060e+00,6.919999999999999929e+00,1.375834911038144037e+00,2.148385615490022715e-03
6.929999999999999716e+00,1.375993991576644149e+00,6.929999999999999716e+00,1.375834911038144037e+00,1.590805385001115013e-04
6.940000000000000391e+00,1.372944154879112366e+00,6.940000000000000391e+00,1.375834911038144037e+00,-2.890756159031671046e-03
6.950000000000000178e+00,1.374390972252678145e+00,6.950000000000000178e+00,1.375834911038144037e+00,-1.443938785465892494e-03
6.959999999999999964e+00,1.378170959191436173e+00,6.959999999999999964e+00,1.375834911038144037e+00,2.336048153292136220e-03
6.969999999999999751e+00,1.377411870794274629e+00,6.969999999999999751e+00,1.375834911038144037e+00,1.576959756130591472e-03
6.980000000000000426e+00,1.378689003108553912e+00,6.980000000000000426e+00,1.375834911038144037e+00,2.854092070409874893e-03
6.990000000000000213e+00,1.375978536529595564e+00,6.990000000000000213e+00,1.375834911038144037e+00,1.436254914515266989e-04
7.000000000000000000e+00,1.374201337776714382e+00,7.000000000000000000e+00,1.375834911038144037e+00,-1.633573261429654977e-03
